File,input_path,target_path
0832.png,VD_dataset2/inputs\0832.png,VD_dataset2/targets\0832.png
2872.png,VD_dataset2/inputs\2872.png,VD_dataset2/targets\2872.png
0168.png,VD_dataset2/inputs\0168.png,VD_dataset2/targets\0168.png
0300.png,VD_dataset2/inputs\0300.png,VD_dataset2/targets\0300.png
1348.png,VD_dataset2/inputs\1348.png,VD_dataset2/targets\1348.png
0036.png,VD_dataset2/inputs\0036.png,VD_dataset2/targets\0036.png
3152.png,VD_dataset2/inputs\3152.png,VD_dataset2/targets\3152.png
4260.png,VD_dataset2/inputs\4260.png,VD_dataset2/targets\4260.png
3068.png,VD_dataset2/inputs\3068.png,VD_dataset2/targets\3068.png
2096.png,VD_dataset2/inputs\2096.png,VD_dataset2/targets\2096.png
0384.png,VD_dataset2/inputs\0384.png,VD_dataset2/targets\0384.png
2196.png,VD_dataset2/inputs\2196.png,VD_dataset2/targets\2196.png
3148.png,VD_dataset2/inputs\3148.png,VD_dataset2/targets\3148.png
2276.png,VD_dataset2/inputs\2276.png,VD_dataset2/targets\2276.png
2124.png,VD_dataset2/inputs\2124.png,VD_dataset2/targets\2124.png
2588.png,VD_dataset2/inputs\2588.png,VD_dataset2/targets\2588.png
1624.png,VD_dataset2/inputs\1624.png,VD_dataset2/targets\1624.png
0756.png,VD_dataset2/inputs\0756.png,VD_dataset2/targets\0756.png
0856.png,VD_dataset2/inputs\0856.png,VD_dataset2/targets\0856.png
0908.png,VD_dataset2/inputs\0908.png,VD_dataset2/targets\0908.png
1208.png,VD_dataset2/inputs\1208.png,VD_dataset2/targets\1208.png
2628.png,VD_dataset2/inputs\2628.png,VD_dataset2/targets\2628.png
3956.png,VD_dataset2/inputs\3956.png,VD_dataset2/targets\3956.png
0676.png,VD_dataset2/inputs\0676.png,VD_dataset2/targets\0676.png
4056.png,VD_dataset2/inputs\4056.png,VD_dataset2/targets\4056.png
4116.png,VD_dataset2/inputs\4116.png,VD_dataset2/targets\4116.png
2364.png,VD_dataset2/inputs\2364.png,VD_dataset2/targets\2364.png
4248.png,VD_dataset2/inputs\4248.png,VD_dataset2/targets\4248.png
4488.png,VD_dataset2/inputs\4488.png,VD_dataset2/targets\4488.png
4492.png,VD_dataset2/inputs\4492.png,VD_dataset2/targets\4492.png
4344.png,VD_dataset2/inputs\4344.png,VD_dataset2/targets\4344.png
4596.png,VD_dataset2/inputs\4596.png,VD_dataset2/targets\4596.png
0936.png,VD_dataset2/inputs\0936.png,VD_dataset2/targets\0936.png
0492.png,VD_dataset2/inputs\0492.png,VD_dataset2/targets\0492.png
1168.png,VD_dataset2/inputs\1168.png,VD_dataset2/targets\1168.png
1824.png,VD_dataset2/inputs\1824.png,VD_dataset2/targets\1824.png
2996.png,VD_dataset2/inputs\2996.png,VD_dataset2/targets\2996.png
4708.png,VD_dataset2/inputs\4708.png,VD_dataset2/targets\4708.png
3476.png,VD_dataset2/inputs\3476.png,VD_dataset2/targets\3476.png
1600.png,VD_dataset2/inputs\1600.png,VD_dataset2/targets\1600.png
0932.png,VD_dataset2/inputs\0932.png,VD_dataset2/targets\0932.png
2412.png,VD_dataset2/inputs\2412.png,VD_dataset2/targets\2412.png
4140.png,VD_dataset2/inputs\4140.png,VD_dataset2/targets\4140.png
0828.png,VD_dataset2/inputs\0828.png,VD_dataset2/targets\0828.png
4188.png,VD_dataset2/inputs\4188.png,VD_dataset2/targets\4188.png
0600.png,VD_dataset2/inputs\0600.png,VD_dataset2/targets\0600.png
1360.png,VD_dataset2/inputs\1360.png,VD_dataset2/targets\1360.png
3164.png,VD_dataset2/inputs\3164.png,VD_dataset2/targets\3164.png
4060.png,VD_dataset2/inputs\4060.png,VD_dataset2/targets\4060.png
3128.png,VD_dataset2/inputs\3128.png,VD_dataset2/targets\3128.png
0180.png,VD_dataset2/inputs\0180.png,VD_dataset2/targets\0180.png
1292.png,VD_dataset2/inputs\1292.png,VD_dataset2/targets\1292.png
2584.png,VD_dataset2/inputs\2584.png,VD_dataset2/targets\2584.png
2328.png,VD_dataset2/inputs\2328.png,VD_dataset2/targets\2328.png
3416.png,VD_dataset2/inputs\3416.png,VD_dataset2/targets\3416.png
1008.png,VD_dataset2/inputs\1008.png,VD_dataset2/targets\1008.png
1256.png,VD_dataset2/inputs\1256.png,VD_dataset2/targets\1256.png
3324.png,VD_dataset2/inputs\3324.png,VD_dataset2/targets\3324.png
2268.png,VD_dataset2/inputs\2268.png,VD_dataset2/targets\2268.png
3880.png,VD_dataset2/inputs\3880.png,VD_dataset2/targets\3880.png
4376.png,VD_dataset2/inputs\4376.png,VD_dataset2/targets\4376.png
3504.png,VD_dataset2/inputs\3504.png,VD_dataset2/targets\3504.png
2396.png,VD_dataset2/inputs\2396.png,VD_dataset2/targets\2396.png
3668.png,VD_dataset2/inputs\3668.png,VD_dataset2/targets\3668.png
4524.png,VD_dataset2/inputs\4524.png,VD_dataset2/targets\4524.png
4504.png,VD_dataset2/inputs\4504.png,VD_dataset2/targets\4504.png
1636.png,VD_dataset2/inputs\1636.png,VD_dataset2/targets\1636.png
3972.png,VD_dataset2/inputs\3972.png,VD_dataset2/targets\3972.png
4276.png,VD_dataset2/inputs\4276.png,VD_dataset2/targets\4276.png
0404.png,VD_dataset2/inputs\0404.png,VD_dataset2/targets\0404.png
0128.png,VD_dataset2/inputs\0128.png,VD_dataset2/targets\0128.png
4216.png,VD_dataset2/inputs\4216.png,VD_dataset2/targets\4216.png
1268.png,VD_dataset2/inputs\1268.png,VD_dataset2/targets\1268.png
1356.png,VD_dataset2/inputs\1356.png,VD_dataset2/targets\1356.png
1336.png,VD_dataset2/inputs\1336.png,VD_dataset2/targets\1336.png
1884.png,VD_dataset2/inputs\1884.png,VD_dataset2/targets\1884.png
0068.png,VD_dataset2/inputs\0068.png,VD_dataset2/targets\0068.png
1680.png,VD_dataset2/inputs\1680.png,VD_dataset2/targets\1680.png
4044.png,VD_dataset2/inputs\4044.png,VD_dataset2/targets\4044.png
3636.png,VD_dataset2/inputs\3636.png,VD_dataset2/targets\3636.png
4572.png,VD_dataset2/inputs\4572.png,VD_dataset2/targets\4572.png
1428.png,VD_dataset2/inputs\1428.png,VD_dataset2/targets\1428.png
4496.png,VD_dataset2/inputs\4496.png,VD_dataset2/targets\4496.png
2304.png,VD_dataset2/inputs\2304.png,VD_dataset2/targets\2304.png
1136.png,VD_dataset2/inputs\1136.png,VD_dataset2/targets\1136.png
3028.png,VD_dataset2/inputs\3028.png,VD_dataset2/targets\3028.png
0448.png,VD_dataset2/inputs\0448.png,VD_dataset2/targets\0448.png
3136.png,VD_dataset2/inputs\3136.png,VD_dataset2/targets\3136.png
4484.png,VD_dataset2/inputs\4484.png,VD_dataset2/targets\4484.png
3536.png,VD_dataset2/inputs\3536.png,VD_dataset2/targets\3536.png
0464.png,VD_dataset2/inputs\0464.png,VD_dataset2/targets\0464.png
4092.png,VD_dataset2/inputs\4092.png,VD_dataset2/targets\4092.png
2548.png,VD_dataset2/inputs\2548.png,VD_dataset2/targets\2548.png
3312.png,VD_dataset2/inputs\3312.png,VD_dataset2/targets\3312.png
2004.png,VD_dataset2/inputs\2004.png,VD_dataset2/targets\2004.png
2180.png,VD_dataset2/inputs\2180.png,VD_dataset2/targets\2180.png
3996.png,VD_dataset2/inputs\3996.png,VD_dataset2/targets\3996.png
0172.png,VD_dataset2/inputs\0172.png,VD_dataset2/targets\0172.png
0884.png,VD_dataset2/inputs\0884.png,VD_dataset2/targets\0884.png
2164.png,VD_dataset2/inputs\2164.png,VD_dataset2/targets\2164.png
0696.png,VD_dataset2/inputs\0696.png,VD_dataset2/targets\0696.png
3696.png,VD_dataset2/inputs\3696.png,VD_dataset2/targets\3696.png
4336.png,VD_dataset2/inputs\4336.png,VD_dataset2/targets\4336.png
3056.png,VD_dataset2/inputs\3056.png,VD_dataset2/targets\3056.png
0764.png,VD_dataset2/inputs\0764.png,VD_dataset2/targets\0764.png
0808.png,VD_dataset2/inputs\0808.png,VD_dataset2/targets\0808.png
2152.png,VD_dataset2/inputs\2152.png,VD_dataset2/targets\2152.png
2624.png,VD_dataset2/inputs\2624.png,VD_dataset2/targets\2624.png
0940.png,VD_dataset2/inputs\0940.png,VD_dataset2/targets\0940.png
1484.png,VD_dataset2/inputs\1484.png,VD_dataset2/targets\1484.png
2208.png,VD_dataset2/inputs\2208.png,VD_dataset2/targets\2208.png
0524.png,VD_dataset2/inputs\0524.png,VD_dataset2/targets\0524.png
2312.png,VD_dataset2/inputs\2312.png,VD_dataset2/targets\2312.png
3968.png,VD_dataset2/inputs\3968.png,VD_dataset2/targets\3968.png
4700.png,VD_dataset2/inputs\4700.png,VD_dataset2/targets\4700.png
0368.png,VD_dataset2/inputs\0368.png,VD_dataset2/targets\0368.png
2116.png,VD_dataset2/inputs\2116.png,VD_dataset2/targets\2116.png
2656.png,VD_dataset2/inputs\2656.png,VD_dataset2/targets\2656.png
3168.png,VD_dataset2/inputs\3168.png,VD_dataset2/targets\3168.png
0508.png,VD_dataset2/inputs\0508.png,VD_dataset2/targets\0508.png
4412.png,VD_dataset2/inputs\4412.png,VD_dataset2/targets\4412.png
3180.png,VD_dataset2/inputs\3180.png,VD_dataset2/targets\3180.png
1420.png,VD_dataset2/inputs\1420.png,VD_dataset2/targets\1420.png
3928.png,VD_dataset2/inputs\3928.png,VD_dataset2/targets\3928.png
2712.png,VD_dataset2/inputs\2712.png,VD_dataset2/targets\2712.png
3304.png,VD_dataset2/inputs\3304.png,VD_dataset2/targets\3304.png
3516.png,VD_dataset2/inputs\3516.png,VD_dataset2/targets\3516.png
3124.png,VD_dataset2/inputs\3124.png,VD_dataset2/targets\3124.png
0624.png,VD_dataset2/inputs\0624.png,VD_dataset2/targets\0624.png
3468.png,VD_dataset2/inputs\3468.png,VD_dataset2/targets\3468.png
2744.png,VD_dataset2/inputs\2744.png,VD_dataset2/targets\2744.png
4576.png,VD_dataset2/inputs\4576.png,VD_dataset2/targets\4576.png
0888.png,VD_dataset2/inputs\0888.png,VD_dataset2/targets\0888.png
2388.png,VD_dataset2/inputs\2388.png,VD_dataset2/targets\2388.png
2508.png,VD_dataset2/inputs\2508.png,VD_dataset2/targets\2508.png
3764.png,VD_dataset2/inputs\3764.png,VD_dataset2/targets\3764.png
3436.png,VD_dataset2/inputs\3436.png,VD_dataset2/targets\3436.png
3908.png,VD_dataset2/inputs\3908.png,VD_dataset2/targets\3908.png
0108.png,VD_dataset2/inputs\0108.png,VD_dataset2/targets\0108.png
1508.png,VD_dataset2/inputs\1508.png,VD_dataset2/targets\1508.png
0132.png,VD_dataset2/inputs\0132.png,VD_dataset2/targets\0132.png
0960.png,VD_dataset2/inputs\0960.png,VD_dataset2/targets\0960.png
0980.png,VD_dataset2/inputs\0980.png,VD_dataset2/targets\0980.png
0520.png,VD_dataset2/inputs\0520.png,VD_dataset2/targets\0520.png
0192.png,VD_dataset2/inputs\0192.png,VD_dataset2/targets\0192.png
2224.png,VD_dataset2/inputs\2224.png,VD_dataset2/targets\2224.png
2684.png,VD_dataset2/inputs\2684.png,VD_dataset2/targets\2684.png
3220.png,VD_dataset2/inputs\3220.png,VD_dataset2/targets\3220.png
0580.png,VD_dataset2/inputs\0580.png,VD_dataset2/targets\0580.png
0292.png,VD_dataset2/inputs\0292.png,VD_dataset2/targets\0292.png
1776.png,VD_dataset2/inputs\1776.png,VD_dataset2/targets\1776.png
2084.png,VD_dataset2/inputs\2084.png,VD_dataset2/targets\2084.png
2852.png,VD_dataset2/inputs\2852.png,VD_dataset2/targets\2852.png
3828.png,VD_dataset2/inputs\3828.png,VD_dataset2/targets\3828.png
1140.png,VD_dataset2/inputs\1140.png,VD_dataset2/targets\1140.png
4440.png,VD_dataset2/inputs\4440.png,VD_dataset2/targets\4440.png
4712.png,VD_dataset2/inputs\4712.png,VD_dataset2/targets\4712.png
0144.png,VD_dataset2/inputs\0144.png,VD_dataset2/targets\0144.png
2068.png,VD_dataset2/inputs\2068.png,VD_dataset2/targets\2068.png
2236.png,VD_dataset2/inputs\2236.png,VD_dataset2/targets\2236.png
1556.png,VD_dataset2/inputs\1556.png,VD_dataset2/targets\1556.png
2748.png,VD_dataset2/inputs\2748.png,VD_dataset2/targets\2748.png
4520.png,VD_dataset2/inputs\4520.png,VD_dataset2/targets\4520.png
2696.png,VD_dataset2/inputs\2696.png,VD_dataset2/targets\2696.png
4456.png,VD_dataset2/inputs\4456.png,VD_dataset2/targets\4456.png
2968.png,VD_dataset2/inputs\2968.png,VD_dataset2/targets\2968.png
3200.png,VD_dataset2/inputs\3200.png,VD_dataset2/targets\3200.png
0900.png,VD_dataset2/inputs\0900.png,VD_dataset2/targets\0900.png
2612.png,VD_dataset2/inputs\2612.png,VD_dataset2/targets\2612.png
2752.png,VD_dataset2/inputs\2752.png,VD_dataset2/targets\2752.png
3120.png,VD_dataset2/inputs\3120.png,VD_dataset2/targets\3120.png
3512.png,VD_dataset2/inputs\3512.png,VD_dataset2/targets\3512.png
3528.png,VD_dataset2/inputs\3528.png,VD_dataset2/targets\3528.png
1156.png,VD_dataset2/inputs\1156.png,VD_dataset2/targets\1156.png
3676.png,VD_dataset2/inputs\3676.png,VD_dataset2/targets\3676.png
3748.png,VD_dataset2/inputs\3748.png,VD_dataset2/targets\3748.png
3556.png,VD_dataset2/inputs\3556.png,VD_dataset2/targets\3556.png
2644.png,VD_dataset2/inputs\2644.png,VD_dataset2/targets\2644.png
1472.png,VD_dataset2/inputs\1472.png,VD_dataset2/targets\1472.png
4040.png,VD_dataset2/inputs\4040.png,VD_dataset2/targets\4040.png
4428.png,VD_dataset2/inputs\4428.png,VD_dataset2/targets\4428.png
1660.png,VD_dataset2/inputs\1660.png,VD_dataset2/targets\1660.png
0424.png,VD_dataset2/inputs\0424.png,VD_dataset2/targets\0424.png
2592.png,VD_dataset2/inputs\2592.png,VD_dataset2/targets\2592.png
2240.png,VD_dataset2/inputs\2240.png,VD_dataset2/targets\2240.png
2256.png,VD_dataset2/inputs\2256.png,VD_dataset2/targets\2256.png
4008.png,VD_dataset2/inputs\4008.png,VD_dataset2/targets\4008.png
1920.png,VD_dataset2/inputs\1920.png,VD_dataset2/targets\1920.png
2788.png,VD_dataset2/inputs\2788.png,VD_dataset2/targets\2788.png
3080.png,VD_dataset2/inputs\3080.png,VD_dataset2/targets\3080.png
0356.png,VD_dataset2/inputs\0356.png,VD_dataset2/targets\0356.png
2960.png,VD_dataset2/inputs\2960.png,VD_dataset2/targets\2960.png
0008.png,VD_dataset2/inputs\0008.png,VD_dataset2/targets\0008.png
1432.png,VD_dataset2/inputs\1432.png,VD_dataset2/targets\1432.png
2836.png,VD_dataset2/inputs\2836.png,VD_dataset2/targets\2836.png
2928.png,VD_dataset2/inputs\2928.png,VD_dataset2/targets\2928.png
4264.png,VD_dataset2/inputs\4264.png,VD_dataset2/targets\4264.png
3708.png,VD_dataset2/inputs\3708.png,VD_dataset2/targets\3708.png
1780.png,VD_dataset2/inputs\1780.png,VD_dataset2/targets\1780.png
3240.png,VD_dataset2/inputs\3240.png,VD_dataset2/targets\3240.png
4792.png,VD_dataset2/inputs\4792.png,VD_dataset2/targets\4792.png
4380.png,VD_dataset2/inputs\4380.png,VD_dataset2/targets\4380.png
2812.png,VD_dataset2/inputs\2812.png,VD_dataset2/targets\2812.png
1876.png,VD_dataset2/inputs\1876.png,VD_dataset2/targets\1876.png
0648.png,VD_dataset2/inputs\0648.png,VD_dataset2/targets\0648.png
2760.png,VD_dataset2/inputs\2760.png,VD_dataset2/targets\2760.png
0732.png,VD_dataset2/inputs\0732.png,VD_dataset2/targets\0732.png
1368.png,VD_dataset2/inputs\1368.png,VD_dataset2/targets\1368.png
2188.png,VD_dataset2/inputs\2188.png,VD_dataset2/targets\2188.png
4252.png,VD_dataset2/inputs\4252.png,VD_dataset2/targets\4252.png
1888.png,VD_dataset2/inputs\1888.png,VD_dataset2/targets\1888.png
4804.png,VD_dataset2/inputs\4804.png,VD_dataset2/targets\4804.png
2972.png,VD_dataset2/inputs\2972.png,VD_dataset2/targets\2972.png
1500.png,VD_dataset2/inputs\1500.png,VD_dataset2/targets\1500.png
2080.png,VD_dataset2/inputs\2080.png,VD_dataset2/targets\2080.png
0544.png,VD_dataset2/inputs\0544.png,VD_dataset2/targets\0544.png
4080.png,VD_dataset2/inputs\4080.png,VD_dataset2/targets\4080.png
1100.png,VD_dataset2/inputs\1100.png,VD_dataset2/targets\1100.png
3252.png,VD_dataset2/inputs\3252.png,VD_dataset2/targets\3252.png
1284.png,VD_dataset2/inputs\1284.png,VD_dataset2/targets\1284.png
3876.png,VD_dataset2/inputs\3876.png,VD_dataset2/targets\3876.png
1960.png,VD_dataset2/inputs\1960.png,VD_dataset2/targets\1960.png
0220.png,VD_dataset2/inputs\0220.png,VD_dataset2/targets\0220.png
1552.png,VD_dataset2/inputs\1552.png,VD_dataset2/targets\1552.png
3808.png,VD_dataset2/inputs\3808.png,VD_dataset2/targets\3808.png
3112.png,VD_dataset2/inputs\3112.png,VD_dataset2/targets\3112.png
1096.png,VD_dataset2/inputs\1096.png,VD_dataset2/targets\1096.png
3844.png,VD_dataset2/inputs\3844.png,VD_dataset2/targets\3844.png
0576.png,VD_dataset2/inputs\0576.png,VD_dataset2/targets\0576.png
1264.png,VD_dataset2/inputs\1264.png,VD_dataset2/targets\1264.png
0840.png,VD_dataset2/inputs\0840.png,VD_dataset2/targets\0840.png
1820.png,VD_dataset2/inputs\1820.png,VD_dataset2/targets\1820.png
0236.png,VD_dataset2/inputs\0236.png,VD_dataset2/targets\0236.png
2104.png,VD_dataset2/inputs\2104.png,VD_dataset2/targets\2104.png
2172.png,VD_dataset2/inputs\2172.png,VD_dataset2/targets\2172.png
2632.png,VD_dataset2/inputs\2632.png,VD_dataset2/targets\2632.png
3832.png,VD_dataset2/inputs\3832.png,VD_dataset2/targets\3832.png
3612.png,VD_dataset2/inputs\3612.png,VD_dataset2/targets\3612.png
3732.png,VD_dataset2/inputs\3732.png,VD_dataset2/targets\3732.png
2772.png,VD_dataset2/inputs\2772.png,VD_dataset2/targets\2772.png
0064.png,VD_dataset2/inputs\0064.png,VD_dataset2/targets\0064.png
0604.png,VD_dataset2/inputs\0604.png,VD_dataset2/targets\0604.png
2284.png,VD_dataset2/inputs\2284.png,VD_dataset2/targets\2284.png
3864.png,VD_dataset2/inputs\3864.png,VD_dataset2/targets\3864.png
4740.png,VD_dataset2/inputs\4740.png,VD_dataset2/targets\4740.png
4772.png,VD_dataset2/inputs\4772.png,VD_dataset2/targets\4772.png
2112.png,VD_dataset2/inputs\2112.png,VD_dataset2/targets\2112.png
3452.png,VD_dataset2/inputs\3452.png,VD_dataset2/targets\3452.png
3660.png,VD_dataset2/inputs\3660.png,VD_dataset2/targets\3660.png
2220.png,VD_dataset2/inputs\2220.png,VD_dataset2/targets\2220.png
2404.png,VD_dataset2/inputs\2404.png,VD_dataset2/targets\2404.png
3560.png,VD_dataset2/inputs\3560.png,VD_dataset2/targets\3560.png
3484.png,VD_dataset2/inputs\3484.png,VD_dataset2/targets\3484.png
3784.png,VD_dataset2/inputs\3784.png,VD_dataset2/targets\3784.png
3172.png,VD_dataset2/inputs\3172.png,VD_dataset2/targets\3172.png
3464.png,VD_dataset2/inputs\3464.png,VD_dataset2/targets\3464.png
3824.png,VD_dataset2/inputs\3824.png,VD_dataset2/targets\3824.png
4500.png,VD_dataset2/inputs\4500.png,VD_dataset2/targets\4500.png
3424.png,VD_dataset2/inputs\3424.png,VD_dataset2/targets\3424.png
2028.png,VD_dataset2/inputs\2028.png,VD_dataset2/targets\2028.png
2888.png,VD_dataset2/inputs\2888.png,VD_dataset2/targets\2888.png
0156.png,VD_dataset2/inputs\0156.png,VD_dataset2/targets\0156.png
1444.png,VD_dataset2/inputs\1444.png,VD_dataset2/targets\1444.png
1180.png,VD_dataset2/inputs\1180.png,VD_dataset2/targets\1180.png
1316.png,VD_dataset2/inputs\1316.png,VD_dataset2/targets\1316.png
1364.png,VD_dataset2/inputs\1364.png,VD_dataset2/targets\1364.png
4768.png,VD_dataset2/inputs\4768.png,VD_dataset2/targets\4768.png
4232.png,VD_dataset2/inputs\4232.png,VD_dataset2/targets\4232.png
1236.png,VD_dataset2/inputs\1236.png,VD_dataset2/targets\1236.png
1524.png,VD_dataset2/inputs\1524.png,VD_dataset2/targets\1524.png
0256.png,VD_dataset2/inputs\0256.png,VD_dataset2/targets\0256.png
3596.png,VD_dataset2/inputs\3596.png,VD_dataset2/targets\3596.png
2576.png,VD_dataset2/inputs\2576.png,VD_dataset2/targets\2576.png
3964.png,VD_dataset2/inputs\3964.png,VD_dataset2/targets\3964.png
4016.png,VD_dataset2/inputs\4016.png,VD_dataset2/targets\4016.png
0096.png,VD_dataset2/inputs\0096.png,VD_dataset2/targets\0096.png
1260.png,VD_dataset2/inputs\1260.png,VD_dataset2/targets\1260.png
1652.png,VD_dataset2/inputs\1652.png,VD_dataset2/targets\1652.png
1720.png,VD_dataset2/inputs\1720.png,VD_dataset2/targets\1720.png
4076.png,VD_dataset2/inputs\4076.png,VD_dataset2/targets\4076.png
0164.png,VD_dataset2/inputs\0164.png,VD_dataset2/targets\0164.png
0996.png,VD_dataset2/inputs\0996.png,VD_dataset2/targets\0996.png
4688.png,VD_dataset2/inputs\4688.png,VD_dataset2/targets\4688.png
0328.png,VD_dataset2/inputs\0328.png,VD_dataset2/targets\0328.png
0820.png,VD_dataset2/inputs\0820.png,VD_dataset2/targets\0820.png
1704.png,VD_dataset2/inputs\1704.png,VD_dataset2/targets\1704.png
3500.png,VD_dataset2/inputs\3500.png,VD_dataset2/targets\3500.png
1380.png,VD_dataset2/inputs\1380.png,VD_dataset2/targets\1380.png
1988.png,VD_dataset2/inputs\1988.png,VD_dataset2/targets\1988.png
2400.png,VD_dataset2/inputs\2400.png,VD_dataset2/targets\2400.png
3012.png,VD_dataset2/inputs\3012.png,VD_dataset2/targets\3012.png
1896.png,VD_dataset2/inputs\1896.png,VD_dataset2/targets\1896.png
0160.png,VD_dataset2/inputs\0160.png,VD_dataset2/targets\0160.png
1768.png,VD_dataset2/inputs\1768.png,VD_dataset2/targets\1768.png
3368.png,VD_dataset2/inputs\3368.png,VD_dataset2/targets\3368.png
3024.png,VD_dataset2/inputs\3024.png,VD_dataset2/targets\3024.png
1724.png,VD_dataset2/inputs\1724.png,VD_dataset2/targets\1724.png
2352.png,VD_dataset2/inputs\2352.png,VD_dataset2/targets\2352.png
1816.png,VD_dataset2/inputs\1816.png,VD_dataset2/targets\1816.png
4096.png,VD_dataset2/inputs\4096.png,VD_dataset2/targets\4096.png
0796.png,VD_dataset2/inputs\0796.png,VD_dataset2/targets\0796.png
2728.png,VD_dataset2/inputs\2728.png,VD_dataset2/targets\2728.png
1056.png,VD_dataset2/inputs\1056.png,VD_dataset2/targets\1056.png
2076.png,VD_dataset2/inputs\2076.png,VD_dataset2/targets\2076.png
1048.png,VD_dataset2/inputs\1048.png,VD_dataset2/targets\1048.png
0304.png,VD_dataset2/inputs\0304.png,VD_dataset2/targets\0304.png
2688.png,VD_dataset2/inputs\2688.png,VD_dataset2/targets\2688.png
3736.png,VD_dataset2/inputs\3736.png,VD_dataset2/targets\3736.png
1492.png,VD_dataset2/inputs\1492.png,VD_dataset2/targets\1492.png
1544.png,VD_dataset2/inputs\1544.png,VD_dataset2/targets\1544.png
3132.png,VD_dataset2/inputs\3132.png,VD_dataset2/targets\3132.png
4632.png,VD_dataset2/inputs\4632.png,VD_dataset2/targets\4632.png
0112.png,VD_dataset2/inputs\0112.png,VD_dataset2/targets\0112.png
0460.png,VD_dataset2/inputs\0460.png,VD_dataset2/targets\0460.png
2132.png,VD_dataset2/inputs\2132.png,VD_dataset2/targets\2132.png
0140.png,VD_dataset2/inputs\0140.png,VD_dataset2/targets\0140.png
1568.png,VD_dataset2/inputs\1568.png,VD_dataset2/targets\1568.png
3532.png,VD_dataset2/inputs\3532.png,VD_dataset2/targets\3532.png
0216.png,VD_dataset2/inputs\0216.png,VD_dataset2/targets\0216.png
2248.png,VD_dataset2/inputs\2248.png,VD_dataset2/targets\2248.png
0084.png,VD_dataset2/inputs\0084.png,VD_dataset2/targets\0084.png
0952.png,VD_dataset2/inputs\0952.png,VD_dataset2/targets\0952.png
1948.png,VD_dataset2/inputs\1948.png,VD_dataset2/targets\1948.png
2424.png,VD_dataset2/inputs\2424.png,VD_dataset2/targets\2424.png
3584.png,VD_dataset2/inputs\3584.png,VD_dataset2/targets\3584.png
1044.png,VD_dataset2/inputs\1044.png,VD_dataset2/targets\1044.png
0088.png,VD_dataset2/inputs\0088.png,VD_dataset2/targets\0088.png
0476.png,VD_dataset2/inputs\0476.png,VD_dataset2/targets\0476.png
3496.png,VD_dataset2/inputs\3496.png,VD_dataset2/targets\3496.png
0776.png,VD_dataset2/inputs\0776.png,VD_dataset2/targets\0776.png
0896.png,VD_dataset2/inputs\0896.png,VD_dataset2/targets\0896.png
3440.png,VD_dataset2/inputs\3440.png,VD_dataset2/targets\3440.png
0136.png,VD_dataset2/inputs\0136.png,VD_dataset2/targets\0136.png
2648.png,VD_dataset2/inputs\2648.png,VD_dataset2/targets\2648.png
1304.png,VD_dataset2/inputs\1304.png,VD_dataset2/targets\1304.png
3924.png,VD_dataset2/inputs\3924.png,VD_dataset2/targets\3924.png
0880.png,VD_dataset2/inputs\0880.png,VD_dataset2/targets\0880.png
2024.png,VD_dataset2/inputs\2024.png,VD_dataset2/targets\2024.png
3320.png,VD_dataset2/inputs\3320.png,VD_dataset2/targets\3320.png
2616.png,VD_dataset2/inputs\2616.png,VD_dataset2/targets\2616.png
0000.png,VD_dataset2/inputs\0000.png,VD_dataset2/targets\0000.png
0728.png,VD_dataset2/inputs\0728.png,VD_dataset2/targets\0728.png
4408.png,VD_dataset2/inputs\4408.png,VD_dataset2/targets\4408.png
1024.png,VD_dataset2/inputs\1024.png,VD_dataset2/targets\1024.png
3004.png,VD_dataset2/inputs\3004.png,VD_dataset2/targets\3004.png
3160.png,VD_dataset2/inputs\3160.png,VD_dataset2/targets\3160.png
0864.png,VD_dataset2/inputs\0864.png,VD_dataset2/targets\0864.png
0652.png,VD_dataset2/inputs\0652.png,VD_dataset2/targets\0652.png
1984.png,VD_dataset2/inputs\1984.png,VD_dataset2/targets\1984.png
2680.png,VD_dataset2/inputs\2680.png,VD_dataset2/targets\2680.png
3768.png,VD_dataset2/inputs\3768.png,VD_dataset2/targets\3768.png
0824.png,VD_dataset2/inputs\0824.png,VD_dataset2/targets\0824.png
1832.png,VD_dataset2/inputs\1832.png,VD_dataset2/targets\1832.png
4680.png,VD_dataset2/inputs\4680.png,VD_dataset2/targets\4680.png
0692.png,VD_dataset2/inputs\0692.png,VD_dataset2/targets\0692.png
1616.png,VD_dataset2/inputs\1616.png,VD_dataset2/targets\1616.png
2944.png,VD_dataset2/inputs\2944.png,VD_dataset2/targets\2944.png
0992.png,VD_dataset2/inputs\0992.png,VD_dataset2/targets\0992.png
4752.png,VD_dataset2/inputs\4752.png,VD_dataset2/targets\4752.png
4384.png,VD_dataset2/inputs\4384.png,VD_dataset2/targets\4384.png
2344.png,VD_dataset2/inputs\2344.png,VD_dataset2/targets\2344.png
4540.png,VD_dataset2/inputs\4540.png,VD_dataset2/targets\4540.png
1464.png,VD_dataset2/inputs\1464.png,VD_dataset2/targets\1464.png
1352.png,VD_dataset2/inputs\1352.png,VD_dataset2/targets\1352.png
1956.png,VD_dataset2/inputs\1956.png,VD_dataset2/targets\1956.png
2052.png,VD_dataset2/inputs\2052.png,VD_dataset2/targets\2052.png
3044.png,VD_dataset2/inputs\3044.png,VD_dataset2/targets\3044.png
3224.png,VD_dataset2/inputs\3224.png,VD_dataset2/targets\3224.png
3040.png,VD_dataset2/inputs\3040.png,VD_dataset2/targets\3040.png
3308.png,VD_dataset2/inputs\3308.png,VD_dataset2/targets\3308.png
2456.png,VD_dataset2/inputs\2456.png,VD_dataset2/targets\2456.png
4468.png,VD_dataset2/inputs\4468.png,VD_dataset2/targets\4468.png
2736.png,VD_dataset2/inputs\2736.png,VD_dataset2/targets\2736.png
1112.png,VD_dataset2/inputs\1112.png,VD_dataset2/targets\1112.png
1404.png,VD_dataset2/inputs\1404.png,VD_dataset2/targets\1404.png
0792.png,VD_dataset2/inputs\0792.png,VD_dataset2/targets\0792.png
4240.png,VD_dataset2/inputs\4240.png,VD_dataset2/targets\4240.png
4672.png,VD_dataset2/inputs\4672.png,VD_dataset2/targets\4672.png
1480.png,VD_dataset2/inputs\1480.png,VD_dataset2/targets\1480.png
2520.png,VD_dataset2/inputs\2520.png,VD_dataset2/targets\2520.png
3920.png,VD_dataset2/inputs\3920.png,VD_dataset2/targets\3920.png
3360.png,VD_dataset2/inputs\3360.png,VD_dataset2/targets\3360.png
4220.png,VD_dataset2/inputs\4220.png,VD_dataset2/targets\4220.png
4228.png,VD_dataset2/inputs\4228.png,VD_dataset2/targets\4228.png
4808.png,VD_dataset2/inputs\4808.png,VD_dataset2/targets\4808.png
2660.png,VD_dataset2/inputs\2660.png,VD_dataset2/targets\2660.png
1408.png,VD_dataset2/inputs\1408.png,VD_dataset2/targets\1408.png
3992.png,VD_dataset2/inputs\3992.png,VD_dataset2/targets\3992.png
0964.png,VD_dataset2/inputs\0964.png,VD_dataset2/targets\0964.png
1160.png,VD_dataset2/inputs\1160.png,VD_dataset2/targets\1160.png
1328.png,VD_dataset2/inputs\1328.png,VD_dataset2/targets\1328.png
2320.png,VD_dataset2/inputs\2320.png,VD_dataset2/targets\2320.png
0972.png,VD_dataset2/inputs\0972.png,VD_dataset2/targets\0972.png
4424.png,VD_dataset2/inputs\4424.png,VD_dataset2/targets\4424.png
1856.png,VD_dataset2/inputs\1856.png,VD_dataset2/targets\1856.png
2468.png,VD_dataset2/inputs\2468.png,VD_dataset2/targets\2468.png
1412.png,VD_dataset2/inputs\1412.png,VD_dataset2/targets\1412.png
1064.png,VD_dataset2/inputs\1064.png,VD_dataset2/targets\1064.png
1940.png,VD_dataset2/inputs\1940.png,VD_dataset2/targets\1940.png
3456.png,VD_dataset2/inputs\3456.png,VD_dataset2/targets\3456.png
4616.png,VD_dataset2/inputs\4616.png,VD_dataset2/targets\4616.png
2512.png,VD_dataset2/inputs\2512.png,VD_dataset2/targets\2512.png
4088.png,VD_dataset2/inputs\4088.png,VD_dataset2/targets\4088.png
4196.png,VD_dataset2/inputs\4196.png,VD_dataset2/targets\4196.png
0280.png,VD_dataset2/inputs\0280.png,VD_dataset2/targets\0280.png
1440.png,VD_dataset2/inputs\1440.png,VD_dataset2/targets\1440.png
3104.png,VD_dataset2/inputs\3104.png,VD_dataset2/targets\3104.png
0612.png,VD_dataset2/inputs\0612.png,VD_dataset2/targets\0612.png
2716.png,VD_dataset2/inputs\2716.png,VD_dataset2/targets\2716.png
4728.png,VD_dataset2/inputs\4728.png,VD_dataset2/targets\4728.png
1344.png,VD_dataset2/inputs\1344.png,VD_dataset2/targets\1344.png
0336.png,VD_dataset2/inputs\0336.png,VD_dataset2/targets\0336.png
4164.png,VD_dataset2/inputs\4164.png,VD_dataset2/targets\4164.png
1028.png,VD_dataset2/inputs\1028.png,VD_dataset2/targets\1028.png
0268.png,VD_dataset2/inputs\0268.png,VD_dataset2/targets\0268.png
1332.png,VD_dataset2/inputs\1332.png,VD_dataset2/targets\1332.png
1532.png,VD_dataset2/inputs\1532.png,VD_dataset2/targets\1532.png
1592.png,VD_dataset2/inputs\1592.png,VD_dataset2/targets\1592.png
2212.png,VD_dataset2/inputs\2212.png,VD_dataset2/targets\2212.png
4024.png,VD_dataset2/inputs\4024.png,VD_dataset2/targets\4024.png
4824.png,VD_dataset2/inputs\4824.png,VD_dataset2/targets\4824.png
4432.png,VD_dataset2/inputs\4432.png,VD_dataset2/targets\4432.png
0260.png,VD_dataset2/inputs\0260.png,VD_dataset2/targets\0260.png
2160.png,VD_dataset2/inputs\2160.png,VD_dataset2/targets\2160.png
0380.png,VD_dataset2/inputs\0380.png,VD_dataset2/targets\0380.png
0488.png,VD_dataset2/inputs\0488.png,VD_dataset2/targets\0488.png
0320.png,VD_dataset2/inputs\0320.png,VD_dataset2/targets\0320.png
0744.png,VD_dataset2/inputs\0744.png,VD_dataset2/targets\0744.png
2020.png,VD_dataset2/inputs\2020.png,VD_dataset2/targets\2020.png
2932.png,VD_dataset2/inputs\2932.png,VD_dataset2/targets\2932.png
3088.png,VD_dataset2/inputs\3088.png,VD_dataset2/targets\3088.png
2144.png,VD_dataset2/inputs\2144.png,VD_dataset2/targets\2144.png
3592.png,VD_dataset2/inputs\3592.png,VD_dataset2/targets\3592.png
1560.png,VD_dataset2/inputs\1560.png,VD_dataset2/targets\1560.png
1512.png,VD_dataset2/inputs\1512.png,VD_dataset2/targets\1512.png
4796.png,VD_dataset2/inputs\4796.png,VD_dataset2/targets\4796.png
2156.png,VD_dataset2/inputs\2156.png,VD_dataset2/targets\2156.png
0340.png,VD_dataset2/inputs\0340.png,VD_dataset2/targets\0340.png
0012.png,VD_dataset2/inputs\0012.png,VD_dataset2/targets\0012.png
1760.png,VD_dataset2/inputs\1760.png,VD_dataset2/targets\1760.png
3616.png,VD_dataset2/inputs\3616.png,VD_dataset2/targets\3616.png
3860.png,VD_dataset2/inputs\3860.png,VD_dataset2/targets\3860.png
4136.png,VD_dataset2/inputs\4136.png,VD_dataset2/targets\4136.png
3716.png,VD_dataset2/inputs\3716.png,VD_dataset2/targets\3716.png
1808.png,VD_dataset2/inputs\1808.png,VD_dataset2/targets\1808.png
4720.png,VD_dataset2/inputs\4720.png,VD_dataset2/targets\4720.png
3868.png,VD_dataset2/inputs\3868.png,VD_dataset2/targets\3868.png
0672.png,VD_dataset2/inputs\0672.png,VD_dataset2/targets\0672.png
1828.png,VD_dataset2/inputs\1828.png,VD_dataset2/targets\1828.png
2664.png,VD_dataset2/inputs\2664.png,VD_dataset2/targets\2664.png
4172.png,VD_dataset2/inputs\4172.png,VD_dataset2/targets\4172.png
1124.png,VD_dataset2/inputs\1124.png,VD_dataset2/targets\1124.png
3280.png,VD_dataset2/inputs\3280.png,VD_dataset2/targets\3280.png
4064.png,VD_dataset2/inputs\4064.png,VD_dataset2/targets\4064.png
4372.png,VD_dataset2/inputs\4372.png,VD_dataset2/targets\4372.png
0948.png,VD_dataset2/inputs\0948.png,VD_dataset2/targets\0948.png
2056.png,VD_dataset2/inputs\2056.png,VD_dataset2/targets\2056.png
3284.png,VD_dataset2/inputs\3284.png,VD_dataset2/targets\3284.png
0608.png,VD_dataset2/inputs\0608.png,VD_dataset2/targets\0608.png
3472.png,VD_dataset2/inputs\3472.png,VD_dataset2/targets\3472.png
4048.png,VD_dataset2/inputs\4048.png,VD_dataset2/targets\4048.png
4300.png,VD_dataset2/inputs\4300.png,VD_dataset2/targets\4300.png
4612.png,VD_dataset2/inputs\4612.png,VD_dataset2/targets\4612.png
2544.png,VD_dataset2/inputs\2544.png,VD_dataset2/targets\2544.png
1468.png,VD_dataset2/inputs\1468.png,VD_dataset2/targets\1468.png
1972.png,VD_dataset2/inputs\1972.png,VD_dataset2/targets\1972.png
2380.png,VD_dataset2/inputs\2380.png,VD_dataset2/targets\2380.png
1496.png,VD_dataset2/inputs\1496.png,VD_dataset2/targets\1496.png
0628.png,VD_dataset2/inputs\0628.png,VD_dataset2/targets\0628.png
2048.png,VD_dataset2/inputs\2048.png,VD_dataset2/targets\2048.png
2608.png,VD_dataset2/inputs\2608.png,VD_dataset2/targets\2608.png
1844.png,VD_dataset2/inputs\1844.png,VD_dataset2/targets\1844.png
2704.png,VD_dataset2/inputs\2704.png,VD_dataset2/targets\2704.png
0724.png,VD_dataset2/inputs\0724.png,VD_dataset2/targets\0724.png
2884.png,VD_dataset2/inputs\2884.png,VD_dataset2/targets\2884.png
3248.png,VD_dataset2/inputs\3248.png,VD_dataset2/targets\3248.png
1860.png,VD_dataset2/inputs\1860.png,VD_dataset2/targets\1860.png
0560.png,VD_dataset2/inputs\0560.png,VD_dataset2/targets\0560.png
1932.png,VD_dataset2/inputs\1932.png,VD_dataset2/targets\1932.png
4132.png,VD_dataset2/inputs\4132.png,VD_dataset2/targets\4132.png
2272.png,VD_dataset2/inputs\2272.png,VD_dataset2/targets\2272.png
1784.png,VD_dataset2/inputs\1784.png,VD_dataset2/targets\1784.png
2464.png,VD_dataset2/inputs\2464.png,VD_dataset2/targets\2464.png
2392.png,VD_dataset2/inputs\2392.png,VD_dataset2/targets\2392.png
0564.png,VD_dataset2/inputs\0564.png,VD_dataset2/targets\0564.png
2148.png,VD_dataset2/inputs\2148.png,VD_dataset2/targets\2148.png
4756.png,VD_dataset2/inputs\4756.png,VD_dataset2/targets\4756.png
4508.png,VD_dataset2/inputs\4508.png,VD_dataset2/targets\4508.png
0288.png,VD_dataset2/inputs\0288.png,VD_dataset2/targets\0288.png
4732.png,VD_dataset2/inputs\4732.png,VD_dataset2/targets\4732.png
3400.png,VD_dataset2/inputs\3400.png,VD_dataset2/targets\3400.png
0104.png,VD_dataset2/inputs\0104.png,VD_dataset2/targets\0104.png
2288.png,VD_dataset2/inputs\2288.png,VD_dataset2/targets\2288.png
3892.png,VD_dataset2/inputs\3892.png,VD_dataset2/targets\3892.png
4664.png,VD_dataset2/inputs\4664.png,VD_dataset2/targets\4664.png
2620.png,VD_dataset2/inputs\2620.png,VD_dataset2/targets\2620.png
3916.png,VD_dataset2/inputs\3916.png,VD_dataset2/targets\3916.png
4660.png,VD_dataset2/inputs\4660.png,VD_dataset2/targets\4660.png
3720.png,VD_dataset2/inputs\3720.png,VD_dataset2/targets\3720.png
4404.png,VD_dataset2/inputs\4404.png,VD_dataset2/targets\4404.png
1128.png,VD_dataset2/inputs\1128.png,VD_dataset2/targets\1128.png
2940.png,VD_dataset2/inputs\2940.png,VD_dataset2/targets\2940.png
0408.png,VD_dataset2/inputs\0408.png,VD_dataset2/targets\0408.png
1944.png,VD_dataset2/inputs\1944.png,VD_dataset2/targets\1944.png
2480.png,VD_dataset2/inputs\2480.png,VD_dataset2/targets\2480.png
2252.png,VD_dataset2/inputs\2252.png,VD_dataset2/targets\2252.png
2368.png,VD_dataset2/inputs\2368.png,VD_dataset2/targets\2368.png
3288.png,VD_dataset2/inputs\3288.png,VD_dataset2/targets\3288.png
1280.png,VD_dataset2/inputs\1280.png,VD_dataset2/targets\1280.png
3228.png,VD_dataset2/inputs\3228.png,VD_dataset2/targets\3228.png
0988.png,VD_dataset2/inputs\0988.png,VD_dataset2/targets\0988.png
0412.png,VD_dataset2/inputs\0412.png,VD_dataset2/targets\0412.png
3412.png,VD_dataset2/inputs\3412.png,VD_dataset2/targets\3412.png
3428.png,VD_dataset2/inputs\3428.png,VD_dataset2/targets\3428.png
4100.png,VD_dataset2/inputs\4100.png,VD_dataset2/targets\4100.png
0484.png,VD_dataset2/inputs\0484.png,VD_dataset2/targets\0484.png
4352.png,VD_dataset2/inputs\4352.png,VD_dataset2/targets\4352.png
0788.png,VD_dataset2/inputs\0788.png,VD_dataset2/targets\0788.png
3272.png,VD_dataset2/inputs\3272.png,VD_dataset2/targets\3272.png
0212.png,VD_dataset2/inputs\0212.png,VD_dataset2/targets\0212.png
2976.png,VD_dataset2/inputs\2976.png,VD_dataset2/targets\2976.png
1276.png,VD_dataset2/inputs\1276.png,VD_dataset2/targets\1276.png
0436.png,VD_dataset2/inputs\0436.png,VD_dataset2/targets\0436.png
0548.png,VD_dataset2/inputs\0548.png,VD_dataset2/targets\0548.png
4144.png,VD_dataset2/inputs\4144.png,VD_dataset2/targets\4144.png
4000.png,VD_dataset2/inputs\4000.png,VD_dataset2/targets\4000.png
3316.png,VD_dataset2/inputs\3316.png,VD_dataset2/targets\3316.png
2036.png,VD_dataset2/inputs\2036.png,VD_dataset2/targets\2036.png
3540.png,VD_dataset2/inputs\3540.png,VD_dataset2/targets\3540.png
1188.png,VD_dataset2/inputs\1188.png,VD_dataset2/targets\1188.png
0252.png,VD_dataset2/inputs\0252.png,VD_dataset2/targets\0252.png
3036.png,VD_dataset2/inputs\3036.png,VD_dataset2/targets\3036.png
3628.png,VD_dataset2/inputs\3628.png,VD_dataset2/targets\3628.png
3728.png,VD_dataset2/inputs\3728.png,VD_dataset2/targets\3728.png
3912.png,VD_dataset2/inputs\3912.png,VD_dataset2/targets\3912.png
4280.png,VD_dataset2/inputs\4280.png,VD_dataset2/targets\4280.png
3260.png,VD_dataset2/inputs\3260.png,VD_dataset2/targets\3260.png
2740.png,VD_dataset2/inputs\2740.png,VD_dataset2/targets\2740.png
3212.png,VD_dataset2/inputs\3212.png,VD_dataset2/targets\3212.png
0224.png,VD_dataset2/inputs\0224.png,VD_dataset2/targets\0224.png
0372.png,VD_dataset2/inputs\0372.png,VD_dataset2/targets\0372.png
2136.png,VD_dataset2/inputs\2136.png,VD_dataset2/targets\2136.png
0640.png,VD_dataset2/inputs\0640.png,VD_dataset2/targets\0640.png
2296.png,VD_dataset2/inputs\2296.png,VD_dataset2/targets\2296.png
2476.png,VD_dataset2/inputs\2476.png,VD_dataset2/targets\2476.png
1144.png,VD_dataset2/inputs\1144.png,VD_dataset2/targets\1144.png
4512.png,VD_dataset2/inputs\4512.png,VD_dataset2/targets\4512.png
0572.png,VD_dataset2/inputs\0572.png,VD_dataset2/targets\0572.png
4716.png,VD_dataset2/inputs\4716.png,VD_dataset2/targets\4716.png
4028.png,VD_dataset2/inputs\4028.png,VD_dataset2/targets\4028.png
0308.png,VD_dataset2/inputs\0308.png,VD_dataset2/targets\0308.png
2708.png,VD_dataset2/inputs\2708.png,VD_dataset2/targets\2708.png
0532.png,VD_dataset2/inputs\0532.png,VD_dataset2/targets\0532.png
0620.png,VD_dataset2/inputs\0620.png,VD_dataset2/targets\0620.png
1004.png,VD_dataset2/inputs\1004.png,VD_dataset2/targets\1004.png
1980.png,VD_dataset2/inputs\1980.png,VD_dataset2/targets\1980.png
2280.png,VD_dataset2/inputs\2280.png,VD_dataset2/targets\2280.png
0048.png,VD_dataset2/inputs\0048.png,VD_dataset2/targets\0048.png
2408.png,VD_dataset2/inputs\2408.png,VD_dataset2/targets\2408.png
3096.png,VD_dataset2/inputs\3096.png,VD_dataset2/targets\3096.png
0116.png,VD_dataset2/inputs\0116.png,VD_dataset2/targets\0116.png
4676.png,VD_dataset2/inputs\4676.png,VD_dataset2/targets\4676.png
1016.png,VD_dataset2/inputs\1016.png,VD_dataset2/targets\1016.png
3060.png,VD_dataset2/inputs\3060.png,VD_dataset2/targets\3060.png
0956.png,VD_dataset2/inputs\0956.png,VD_dataset2/targets\0956.png
4472.png,VD_dataset2/inputs\4472.png,VD_dataset2/targets\4472.png
1628.png,VD_dataset2/inputs\1628.png,VD_dataset2/targets\1628.png
4032.png,VD_dataset2/inputs\4032.png,VD_dataset2/targets\4032.png
0584.png,VD_dataset2/inputs\0584.png,VD_dataset2/targets\0584.png
1040.png,VD_dataset2/inputs\1040.png,VD_dataset2/targets\1040.png
1204.png,VD_dataset2/inputs\1204.png,VD_dataset2/targets\1204.png
1696.png,VD_dataset2/inputs\1696.png,VD_dataset2/targets\1696.png
1924.png,VD_dataset2/inputs\1924.png,VD_dataset2/targets\1924.png
0056.png,VD_dataset2/inputs\0056.png,VD_dataset2/targets\0056.png
2120.png,VD_dataset2/inputs\2120.png,VD_dataset2/targets\2120.png
3800.png,VD_dataset2/inputs\3800.png,VD_dataset2/targets\3800.png
1476.png,VD_dataset2/inputs\1476.png,VD_dataset2/targets\1476.png
4684.png,VD_dataset2/inputs\4684.png,VD_dataset2/targets\4684.png
0284.png,VD_dataset2/inputs\0284.png,VD_dataset2/targets\0284.png
0440.png,VD_dataset2/inputs\0440.png,VD_dataset2/targets\0440.png
2504.png,VD_dataset2/inputs\2504.png,VD_dataset2/targets\2504.png
2564.png,VD_dataset2/inputs\2564.png,VD_dataset2/targets\2564.png
1396.png,VD_dataset2/inputs\1396.png,VD_dataset2/targets\1396.png
1424.png,VD_dataset2/inputs\1424.png,VD_dataset2/targets\1424.png
2988.png,VD_dataset2/inputs\2988.png,VD_dataset2/targets\2988.png
4640.png,VD_dataset2/inputs\4640.png,VD_dataset2/targets\4640.png
4652.png,VD_dataset2/inputs\4652.png,VD_dataset2/targets\4652.png
1756.png,VD_dataset2/inputs\1756.png,VD_dataset2/targets\1756.png
3856.png,VD_dataset2/inputs\3856.png,VD_dataset2/targets\3856.png
0044.png,VD_dataset2/inputs\0044.png,VD_dataset2/targets\0044.png
2532.png,VD_dataset2/inputs\2532.png,VD_dataset2/targets\2532.png
3640.png,VD_dataset2/inputs\3640.png,VD_dataset2/targets\3640.png
1792.png,VD_dataset2/inputs\1792.png,VD_dataset2/targets\1792.png
0468.png,VD_dataset2/inputs\0468.png,VD_dataset2/targets\0468.png
3020.png,VD_dataset2/inputs\3020.png,VD_dataset2/targets\3020.png
3084.png,VD_dataset2/inputs\3084.png,VD_dataset2/targets\3084.png
2800.png,VD_dataset2/inputs\2800.png,VD_dataset2/targets\2800.png
1372.png,VD_dataset2/inputs\1372.png,VD_dataset2/targets\1372.png
3420.png,VD_dataset2/inputs\3420.png,VD_dataset2/targets\3420.png
3604.png,VD_dataset2/inputs\3604.png,VD_dataset2/targets\3604.png
1172.png,VD_dataset2/inputs\1172.png,VD_dataset2/targets\1172.png
3460.png,VD_dataset2/inputs\3460.png,VD_dataset2/targets\3460.png
1148.png,VD_dataset2/inputs\1148.png,VD_dataset2/targets\1148.png
2168.png,VD_dataset2/inputs\2168.png,VD_dataset2/targets\2168.png
3100.png,VD_dataset2/inputs\3100.png,VD_dataset2/targets\3100.png
2876.png,VD_dataset2/inputs\2876.png,VD_dataset2/targets\2876.png
4604.png,VD_dataset2/inputs\4604.png,VD_dataset2/targets\4604.png
0444.png,VD_dataset2/inputs\0444.png,VD_dataset2/targets\0444.png
3588.png,VD_dataset2/inputs\3588.png,VD_dataset2/targets\3588.png
3568.png,VD_dataset2/inputs\3568.png,VD_dataset2/targets\3568.png
2200.png,VD_dataset2/inputs\2200.png,VD_dataset2/targets\2200.png
3192.png,VD_dataset2/inputs\3192.png,VD_dataset2/targets\3192.png
3276.png,VD_dataset2/inputs\3276.png,VD_dataset2/targets\3276.png
3944.png,VD_dataset2/inputs\3944.png,VD_dataset2/targets\3944.png
0076.png,VD_dataset2/inputs\0076.png,VD_dataset2/targets\0076.png
0976.png,VD_dataset2/inputs\0976.png,VD_dataset2/targets\0976.png
1748.png,VD_dataset2/inputs\1748.png,VD_dataset2/targets\1748.png
0556.png,VD_dataset2/inputs\0556.png,VD_dataset2/targets\0556.png
2492.png,VD_dataset2/inputs\2492.png,VD_dataset2/targets\2492.png
4308.png,VD_dataset2/inputs\4308.png,VD_dataset2/targets\4308.png
3108.png,VD_dataset2/inputs\3108.png,VD_dataset2/targets\3108.png
1248.png,VD_dataset2/inputs\1248.png,VD_dataset2/targets\1248.png
3176.png,VD_dataset2/inputs\3176.png,VD_dataset2/targets\3176.png
3208.png,VD_dataset2/inputs\3208.png,VD_dataset2/targets\3208.png
3620.png,VD_dataset2/inputs\3620.png,VD_dataset2/targets\3620.png
0968.png,VD_dataset2/inputs\0968.png,VD_dataset2/targets\0968.png
2012.png,VD_dataset2/inputs\2012.png,VD_dataset2/targets\2012.png
0352.png,VD_dataset2/inputs\0352.png,VD_dataset2/targets\0352.png
3432.png,VD_dataset2/inputs\3432.png,VD_dataset2/targets\3432.png
3960.png,VD_dataset2/inputs\3960.png,VD_dataset2/targets\3960.png
4788.png,VD_dataset2/inputs\4788.png,VD_dataset2/targets\4788.png
2848.png,VD_dataset2/inputs\2848.png,VD_dataset2/targets\2848.png
1272.png,VD_dataset2/inputs\1272.png,VD_dataset2/targets\1272.png
0812.png,VD_dataset2/inputs\0812.png,VD_dataset2/targets\0812.png
0364.png,VD_dataset2/inputs\0364.png,VD_dataset2/targets\0364.png
2060.png,VD_dataset2/inputs\2060.png,VD_dataset2/targets\2060.png
0360.png,VD_dataset2/inputs\0360.png,VD_dataset2/targets\0360.png
3704.png,VD_dataset2/inputs\3704.png,VD_dataset2/targets\3704.png
4532.png,VD_dataset2/inputs\4532.png,VD_dataset2/targets\4532.png
0020.png,VD_dataset2/inputs\0020.png,VD_dataset2/targets\0020.png
1088.png,VD_dataset2/inputs\1088.png,VD_dataset2/targets\1088.png
2308.png,VD_dataset2/inputs\2308.png,VD_dataset2/targets\2308.png
2292.png,VD_dataset2/inputs\2292.png,VD_dataset2/targets\2292.png
2140.png,VD_dataset2/inputs\2140.png,VD_dataset2/targets\2140.png
1864.png,VD_dataset2/inputs\1864.png,VD_dataset2/targets\1864.png
4184.png,VD_dataset2/inputs\4184.png,VD_dataset2/targets\4184.png
0716.png,VD_dataset2/inputs\0716.png,VD_dataset2/targets\0716.png
4628.png,VD_dataset2/inputs\4628.png,VD_dataset2/targets\4628.png
0928.png,VD_dataset2/inputs\0928.png,VD_dataset2/targets\0928.png
1244.png,VD_dataset2/inputs\1244.png,VD_dataset2/targets\1244.png
4704.png,VD_dataset2/inputs\4704.png,VD_dataset2/targets\4704.png
3788.png,VD_dataset2/inputs\3788.png,VD_dataset2/targets\3788.png
0316.png,VD_dataset2/inputs\0316.png,VD_dataset2/targets\0316.png
0588.png,VD_dataset2/inputs\0588.png,VD_dataset2/targets\0588.png
0736.png,VD_dataset2/inputs\0736.png,VD_dataset2/targets\0736.png
0848.png,VD_dataset2/inputs\0848.png,VD_dataset2/targets\0848.png
0872.png,VD_dataset2/inputs\0872.png,VD_dataset2/targets\0872.png
3756.png,VD_dataset2/inputs\3756.png,VD_dataset2/targets\3756.png
4072.png,VD_dataset2/inputs\4072.png,VD_dataset2/targets\4072.png
4668.png,VD_dataset2/inputs\4668.png,VD_dataset2/targets\4668.png
0428.png,VD_dataset2/inputs\0428.png,VD_dataset2/targets\0428.png
2448.png,VD_dataset2/inputs\2448.png,VD_dataset2/targets\2448.png
3836.png,VD_dataset2/inputs\3836.png,VD_dataset2/targets\3836.png
3700.png,VD_dataset2/inputs\3700.png,VD_dataset2/targets\3700.png
2436.png,VD_dataset2/inputs\2436.png,VD_dataset2/targets\2436.png
3340.png,VD_dataset2/inputs\3340.png,VD_dataset2/targets\3340.png
3008.png,VD_dataset2/inputs\3008.png,VD_dataset2/targets\3008.png
4560.png,VD_dataset2/inputs\4560.png,VD_dataset2/targets\4560.png
2896.png,VD_dataset2/inputs\2896.png,VD_dataset2/targets\2896.png
1052.png,VD_dataset2/inputs\1052.png,VD_dataset2/targets\1052.png
1196.png,VD_dataset2/inputs\1196.png,VD_dataset2/targets\1196.png
2796.png,VD_dataset2/inputs\2796.png,VD_dataset2/targets\2796.png
2900.png,VD_dataset2/inputs\2900.png,VD_dataset2/targets\2900.png
2192.png,VD_dataset2/inputs\2192.png,VD_dataset2/targets\2192.png
4304.png,VD_dataset2/inputs\4304.png,VD_dataset2/targets\4304.png
4320.png,VD_dataset2/inputs\4320.png,VD_dataset2/targets\4320.png
0804.png,VD_dataset2/inputs\0804.png,VD_dataset2/targets\0804.png
4624.png,VD_dataset2/inputs\4624.png,VD_dataset2/targets\4624.png
4368.png,VD_dataset2/inputs\4368.png,VD_dataset2/targets\4368.png
1436.png,VD_dataset2/inputs\1436.png,VD_dataset2/targets\1436.png
3940.png,VD_dataset2/inputs\3940.png,VD_dataset2/targets\3940.png
2764.png,VD_dataset2/inputs\2764.png,VD_dataset2/targets\2764.png
4068.png,VD_dataset2/inputs\4068.png,VD_dataset2/targets\4068.png
2864.png,VD_dataset2/inputs\2864.png,VD_dataset2/targets\2864.png
4340.png,VD_dataset2/inputs\4340.png,VD_dataset2/targets\4340.png
4436.png,VD_dataset2/inputs\4436.png,VD_dataset2/targets\4436.png
4736.png,VD_dataset2/inputs\4736.png,VD_dataset2/targets\4736.png
0632.png,VD_dataset2/inputs\0632.png,VD_dataset2/targets\0632.png
0296.png,VD_dataset2/inputs\0296.png,VD_dataset2/targets\0296.png
1220.png,VD_dataset2/inputs\1220.png,VD_dataset2/targets\1220.png
1668.png,VD_dataset2/inputs\1668.png,VD_dataset2/targets\1668.png
1388.png,VD_dataset2/inputs\1388.png,VD_dataset2/targets\1388.png
1788.png,VD_dataset2/inputs\1788.png,VD_dataset2/targets\1788.png
4780.png,VD_dataset2/inputs\4780.png,VD_dataset2/targets\4780.png
2184.png,VD_dataset2/inputs\2184.png,VD_dataset2/targets\2184.png
0904.png,VD_dataset2/inputs\0904.png,VD_dataset2/targets\0904.png
4460.png,VD_dataset2/inputs\4460.png,VD_dataset2/targets\4460.png
1580.png,VD_dataset2/inputs\1580.png,VD_dataset2/targets\1580.png
1620.png,VD_dataset2/inputs\1620.png,VD_dataset2/targets\1620.png
1736.png,VD_dataset2/inputs\1736.png,VD_dataset2/targets\1736.png
2092.png,VD_dataset2/inputs\2092.png,VD_dataset2/targets\2092.png
1588.png,VD_dataset2/inputs\1588.png,VD_dataset2/targets\1588.png
0272.png,VD_dataset2/inputs\0272.png,VD_dataset2/targets\0272.png
1928.png,VD_dataset2/inputs\1928.png,VD_dataset2/targets\1928.png
0496.png,VD_dataset2/inputs\0496.png,VD_dataset2/targets\0496.png
4212.png,VD_dataset2/inputs\4212.png,VD_dataset2/targets\4212.png
1488.png,VD_dataset2/inputs\1488.png,VD_dataset2/targets\1488.png
0480.png,VD_dataset2/inputs\0480.png,VD_dataset2/targets\0480.png
1976.png,VD_dataset2/inputs\1976.png,VD_dataset2/targets\1976.png
3064.png,VD_dataset2/inputs\3064.png,VD_dataset2/targets\3064.png
2676.png,VD_dataset2/inputs\2676.png,VD_dataset2/targets\2676.png
3564.png,VD_dataset2/inputs\3564.png,VD_dataset2/targets\3564.png
4416.png,VD_dataset2/inputs\4416.png,VD_dataset2/targets\4416.png
1700.png,VD_dataset2/inputs\1700.png,VD_dataset2/targets\1700.png
0232.png,VD_dataset2/inputs\0232.png,VD_dataset2/targets\0232.png
3216.png,VD_dataset2/inputs\3216.png,VD_dataset2/targets\3216.png
3572.png,VD_dataset2/inputs\3572.png,VD_dataset2/targets\3572.png
3356.png,VD_dataset2/inputs\3356.png,VD_dataset2/targets\3356.png
2880.png,VD_dataset2/inputs\2880.png,VD_dataset2/targets\2880.png
4816.png,VD_dataset2/inputs\4816.png,VD_dataset2/targets\4816.png
1632.png,VD_dataset2/inputs\1632.png,VD_dataset2/targets\1632.png
1176.png,VD_dataset2/inputs\1176.png,VD_dataset2/targets\1176.png
1836.png,VD_dataset2/inputs\1836.png,VD_dataset2/targets\1836.png
4620.png,VD_dataset2/inputs\4620.png,VD_dataset2/targets\4620.png
0920.png,VD_dataset2/inputs\0920.png,VD_dataset2/targets\0920.png
0152.png,VD_dataset2/inputs\0152.png,VD_dataset2/targets\0152.png
0188.png,VD_dataset2/inputs\0188.png,VD_dataset2/targets\0188.png
0392.png,VD_dataset2/inputs\0392.png,VD_dataset2/targets\0392.png
1068.png,VD_dataset2/inputs\1068.png,VD_dataset2/targets\1068.png
3976.png,VD_dataset2/inputs\3976.png,VD_dataset2/targets\3976.png
4324.png,VD_dataset2/inputs\4324.png,VD_dataset2/targets\4324.png
3000.png,VD_dataset2/inputs\3000.png,VD_dataset2/targets\3000.png
2908.png,VD_dataset2/inputs\2908.png,VD_dataset2/targets\2908.png
1800.png,VD_dataset2/inputs\1800.png,VD_dataset2/targets\1800.png
3144.png,VD_dataset2/inputs\3144.png,VD_dataset2/targets\3144.png
4328.png,VD_dataset2/inputs\4328.png,VD_dataset2/targets\4328.png
1092.png,VD_dataset2/inputs\1092.png,VD_dataset2/targets\1092.png
3848.png,VD_dataset2/inputs\3848.png,VD_dataset2/targets\3848.png
4784.png,VD_dataset2/inputs\4784.png,VD_dataset2/targets\4784.png
3872.png,VD_dataset2/inputs\3872.png,VD_dataset2/targets\3872.png
3988.png,VD_dataset2/inputs\3988.png,VD_dataset2/targets\3988.png
3336.png,VD_dataset2/inputs\3336.png,VD_dataset2/targets\3336.png
3256.png,VD_dataset2/inputs\3256.png,VD_dataset2/targets\3256.png
3816.png,VD_dataset2/inputs\3816.png,VD_dataset2/targets\3816.png
2484.png,VD_dataset2/inputs\2484.png,VD_dataset2/targets\2484.png
3364.png,VD_dataset2/inputs\3364.png,VD_dataset2/targets\3364.png
0516.png,VD_dataset2/inputs\0516.png,VD_dataset2/targets\0516.png
3724.png,VD_dataset2/inputs\3724.png,VD_dataset2/targets\3724.png
4120.png,VD_dataset2/inputs\4120.png,VD_dataset2/targets\4120.png
4268.png,VD_dataset2/inputs\4268.png,VD_dataset2/targets\4268.png
2868.png,VD_dataset2/inputs\2868.png,VD_dataset2/targets\2868.png
2568.png,VD_dataset2/inputs\2568.png,VD_dataset2/targets\2568.png
1872.png,VD_dataset2/inputs\1872.png,VD_dataset2/targets\1872.png
3648.png,VD_dataset2/inputs\3648.png,VD_dataset2/targets\3648.png
3580.png,VD_dataset2/inputs\3580.png,VD_dataset2/targets\3580.png
2008.png,VD_dataset2/inputs\2008.png,VD_dataset2/targets\2008.png
0072.png,VD_dataset2/inputs\0072.png,VD_dataset2/targets\0072.png
1392.png,VD_dataset2/inputs\1392.png,VD_dataset2/targets\1392.png
4256.png,VD_dataset2/inputs\4256.png,VD_dataset2/targets\4256.png
0264.png,VD_dataset2/inputs\0264.png,VD_dataset2/targets\0264.png
1452.png,VD_dataset2/inputs\1452.png,VD_dataset2/targets\1452.png
3776.png,VD_dataset2/inputs\3776.png,VD_dataset2/targets\3776.png
0500.png,VD_dataset2/inputs\0500.png,VD_dataset2/targets\0500.png
3692.png,VD_dataset2/inputs\3692.png,VD_dataset2/targets\3692.png
2756.png,VD_dataset2/inputs\2756.png,VD_dataset2/targets\2756.png
4176.png,VD_dataset2/inputs\4176.png,VD_dataset2/targets\4176.png
3900.png,VD_dataset2/inputs\3900.png,VD_dataset2/targets\3900.png
2324.png,VD_dataset2/inputs\2324.png,VD_dataset2/targets\2324.png
1308.png,VD_dataset2/inputs\1308.png,VD_dataset2/targets\1308.png
1116.png,VD_dataset2/inputs\1116.png,VD_dataset2/targets\1116.png
1664.png,VD_dataset2/inputs\1664.png,VD_dataset2/targets\1664.png
1000.png,VD_dataset2/inputs\1000.png,VD_dataset2/targets\1000.png
1840.png,VD_dataset2/inputs\1840.png,VD_dataset2/targets\1840.png
1908.png,VD_dataset2/inputs\1908.png,VD_dataset2/targets\1908.png
0024.png,VD_dataset2/inputs\0024.png,VD_dataset2/targets\0024.png
1300.png,VD_dataset2/inputs\1300.png,VD_dataset2/targets\1300.png
2700.png,VD_dataset2/inputs\2700.png,VD_dataset2/targets\2700.png
3948.png,VD_dataset2/inputs\3948.png,VD_dataset2/targets\3948.png
4608.png,VD_dataset2/inputs\4608.png,VD_dataset2/targets\4608.png
2856.png,VD_dataset2/inputs\2856.png,VD_dataset2/targets\2856.png
3664.png,VD_dataset2/inputs\3664.png,VD_dataset2/targets\3664.png
1684.png,VD_dataset2/inputs\1684.png,VD_dataset2/targets\1684.png
0060.png,VD_dataset2/inputs\0060.png,VD_dataset2/targets\0060.png
1712.png,VD_dataset2/inputs\1712.png,VD_dataset2/targets\1712.png
3820.png,VD_dataset2/inputs\3820.png,VD_dataset2/targets\3820.png
3404.png,VD_dataset2/inputs\3404.png,VD_dataset2/targets\3404.png
2432.png,VD_dataset2/inputs\2432.png,VD_dataset2/targets\2432.png
1952.png,VD_dataset2/inputs\1952.png,VD_dataset2/targets\1952.png
4392.png,VD_dataset2/inputs\4392.png,VD_dataset2/targets\4392.png
4388.png,VD_dataset2/inputs\4388.png,VD_dataset2/targets\4388.png
0528.png,VD_dataset2/inputs\0528.png,VD_dataset2/targets\0528.png
0032.png,VD_dataset2/inputs\0032.png,VD_dataset2/targets\0032.png
2064.png,VD_dataset2/inputs\2064.png,VD_dataset2/targets\2064.png
1120.png,VD_dataset2/inputs\1120.png,VD_dataset2/targets\1120.png
2496.png,VD_dataset2/inputs\2496.png,VD_dataset2/targets\2496.png
3760.png,VD_dataset2/inputs\3760.png,VD_dataset2/targets\3760.png
4648.png,VD_dataset2/inputs\4648.png,VD_dataset2/targets\4648.png
4584.png,VD_dataset2/inputs\4584.png,VD_dataset2/targets\4584.png
3576.png,VD_dataset2/inputs\3576.png,VD_dataset2/targets\3576.png
0772.png,VD_dataset2/inputs\0772.png,VD_dataset2/targets\0772.png
1076.png,VD_dataset2/inputs\1076.png,VD_dataset2/targets\1076.png
3396.png,VD_dataset2/inputs\3396.png,VD_dataset2/targets\3396.png
4012.png,VD_dataset2/inputs\4012.png,VD_dataset2/targets\4012.png
4312.png,VD_dataset2/inputs\4312.png,VD_dataset2/targets\4312.png
1036.png,VD_dataset2/inputs\1036.png,VD_dataset2/targets\1036.png
4224.png,VD_dataset2/inputs\4224.png,VD_dataset2/targets\4224.png
1152.png,VD_dataset2/inputs\1152.png,VD_dataset2/targets\1152.png
1708.png,VD_dataset2/inputs\1708.png,VD_dataset2/targets\1708.png
1852.png,VD_dataset2/inputs\1852.png,VD_dataset2/targets\1852.png
1740.png,VD_dataset2/inputs\1740.png,VD_dataset2/targets\1740.png
0684.png,VD_dataset2/inputs\0684.png,VD_dataset2/targets\0684.png
2244.png,VD_dataset2/inputs\2244.png,VD_dataset2/targets\2244.png
0324.png,VD_dataset2/inputs\0324.png,VD_dataset2/targets\0324.png
2044.png,VD_dataset2/inputs\2044.png,VD_dataset2/targets\2044.png
3032.png,VD_dataset2/inputs\3032.png,VD_dataset2/targets\3032.png
1020.png,VD_dataset2/inputs\1020.png,VD_dataset2/targets\1020.png
2604.png,VD_dataset2/inputs\2604.png,VD_dataset2/targets\2604.png
0800.png,VD_dataset2/inputs\0800.png,VD_dataset2/targets\0800.png
4360.png,VD_dataset2/inputs\4360.png,VD_dataset2/targets\4360.png
2536.png,VD_dataset2/inputs\2536.png,VD_dataset2/targets\2536.png
3444.png,VD_dataset2/inputs\3444.png,VD_dataset2/targets\3444.png
2340.png,VD_dataset2/inputs\2340.png,VD_dataset2/targets\2340.png
4800.png,VD_dataset2/inputs\4800.png,VD_dataset2/targets\4800.png
4564.png,VD_dataset2/inputs\4564.png,VD_dataset2/targets\4564.png
1224.png,VD_dataset2/inputs\1224.png,VD_dataset2/targets\1224.png
1032.png,VD_dataset2/inputs\1032.png,VD_dataset2/targets\1032.png
4396.png,VD_dataset2/inputs\4396.png,VD_dataset2/targets\4396.png
3508.png,VD_dataset2/inputs\3508.png,VD_dataset2/targets\3508.png
3184.png,VD_dataset2/inputs\3184.png,VD_dataset2/targets\3184.png
0004.png,VD_dataset2/inputs\0004.png,VD_dataset2/targets\0004.png
1288.png,VD_dataset2/inputs\1288.png,VD_dataset2/targets\1288.png
3680.png,VD_dataset2/inputs\3680.png,VD_dataset2/targets\3680.png
0688.png,VD_dataset2/inputs\0688.png,VD_dataset2/targets\0688.png
4200.png,VD_dataset2/inputs\4200.png,VD_dataset2/targets\4200.png
4104.png,VD_dataset2/inputs\4104.png,VD_dataset2/targets\4104.png
3244.png,VD_dataset2/inputs\3244.png,VD_dataset2/targets\3244.png
2980.png,VD_dataset2/inputs\2980.png,VD_dataset2/targets\2980.png
0780.png,VD_dataset2/inputs\0780.png,VD_dataset2/targets\0780.png
1936.png,VD_dataset2/inputs\1936.png,VD_dataset2/targets\1936.png
2500.png,VD_dataset2/inputs\2500.png,VD_dataset2/targets\2500.png
2892.png,VD_dataset2/inputs\2892.png,VD_dataset2/targets\2892.png
1540.png,VD_dataset2/inputs\1540.png,VD_dataset2/targets\1540.png
2416.png,VD_dataset2/inputs\2416.png,VD_dataset2/targets\2416.png
4452.png,VD_dataset2/inputs\4452.png,VD_dataset2/targets\4452.png
1240.png,VD_dataset2/inputs\1240.png,VD_dataset2/targets\1240.png
2792.png,VD_dataset2/inputs\2792.png,VD_dataset2/targets\2792.png
2732.png,VD_dataset2/inputs\2732.png,VD_dataset2/targets\2732.png
3268.png,VD_dataset2/inputs\3268.png,VD_dataset2/targets\3268.png
2428.png,VD_dataset2/inputs\2428.png,VD_dataset2/targets\2428.png
0916.png,VD_dataset2/inputs\0916.png,VD_dataset2/targets\0916.png
3632.png,VD_dataset2/inputs\3632.png,VD_dataset2/targets\3632.png
0388.png,VD_dataset2/inputs\0388.png,VD_dataset2/targets\0388.png
1692.png,VD_dataset2/inputs\1692.png,VD_dataset2/targets\1692.png
2016.png,VD_dataset2/inputs\2016.png,VD_dataset2/targets\2016.png
1504.png,VD_dataset2/inputs\1504.png,VD_dataset2/targets\1504.png
3116.png,VD_dataset2/inputs\3116.png,VD_dataset2/targets\3116.png
3344.png,VD_dataset2/inputs\3344.png,VD_dataset2/targets\3344.png
0312.png,VD_dataset2/inputs\0312.png,VD_dataset2/targets\0312.png
0472.png,VD_dataset2/inputs\0472.png,VD_dataset2/targets\0472.png
3408.png,VD_dataset2/inputs\3408.png,VD_dataset2/targets\3408.png
1072.png,VD_dataset2/inputs\1072.png,VD_dataset2/targets\1072.png
0504.png,VD_dataset2/inputs\0504.png,VD_dataset2/targets\0504.png
3388.png,VD_dataset2/inputs\3388.png,VD_dataset2/targets\3388.png
0124.png,VD_dataset2/inputs\0124.png,VD_dataset2/targets\0124.png
2804.png,VD_dataset2/inputs\2804.png,VD_dataset2/targets\2804.png
2840.png,VD_dataset2/inputs\2840.png,VD_dataset2/targets\2840.png
1576.png,VD_dataset2/inputs\1576.png,VD_dataset2/targets\1576.png
4420.png,VD_dataset2/inputs\4420.png,VD_dataset2/targets\4420.png
0040.png,VD_dataset2/inputs\0040.png,VD_dataset2/targets\0040.png
0204.png,VD_dataset2/inputs\0204.png,VD_dataset2/targets\0204.png
1536.png,VD_dataset2/inputs\1536.png,VD_dataset2/targets\1536.png
0740.png,VD_dataset2/inputs\0740.png,VD_dataset2/targets\0740.png
0660.png,VD_dataset2/inputs\0660.png,VD_dataset2/targets\0660.png
3016.png,VD_dataset2/inputs\3016.png,VD_dataset2/targets\3016.png
2956.png,VD_dataset2/inputs\2956.png,VD_dataset2/targets\2956.png
4160.png,VD_dataset2/inputs\4160.png,VD_dataset2/targets\4160.png
2128.png,VD_dataset2/inputs\2128.png,VD_dataset2/targets\2128.png
2916.png,VD_dataset2/inputs\2916.png,VD_dataset2/targets\2916.png
4696.png,VD_dataset2/inputs\4696.png,VD_dataset2/targets\4696.png
2652.png,VD_dataset2/inputs\2652.png,VD_dataset2/targets\2652.png
1804.png,VD_dataset2/inputs\1804.png,VD_dataset2/targets\1804.png
4192.png,VD_dataset2/inputs\4192.png,VD_dataset2/targets\4192.png
4724.png,VD_dataset2/inputs\4724.png,VD_dataset2/targets\4724.png
0636.png,VD_dataset2/inputs\0636.png,VD_dataset2/targets\0636.png
3188.png,VD_dataset2/inputs\3188.png,VD_dataset2/targets\3188.png
4180.png,VD_dataset2/inputs\4180.png,VD_dataset2/targets\4180.png
2824.png,VD_dataset2/inputs\2824.png,VD_dataset2/targets\2824.png
2936.png,VD_dataset2/inputs\2936.png,VD_dataset2/targets\2936.png
0984.png,VD_dataset2/inputs\0984.png,VD_dataset2/targets\0984.png
2844.png,VD_dataset2/inputs\2844.png,VD_dataset2/targets\2844.png
3232.png,VD_dataset2/inputs\3232.png,VD_dataset2/targets\3232.png
3936.png,VD_dataset2/inputs\3936.png,VD_dataset2/targets\3936.png
0456.png,VD_dataset2/inputs\0456.png,VD_dataset2/targets\0456.png
4084.png,VD_dataset2/inputs\4084.png,VD_dataset2/targets\4084.png
1324.png,VD_dataset2/inputs\1324.png,VD_dataset2/targets\1324.png
3140.png,VD_dataset2/inputs\3140.png,VD_dataset2/targets\3140.png
2000.png,VD_dataset2/inputs\2000.png,VD_dataset2/targets\2000.png
2528.png,VD_dataset2/inputs\2528.png,VD_dataset2/targets\2528.png
3548.png,VD_dataset2/inputs\3548.png,VD_dataset2/targets\3548.png
4748.png,VD_dataset2/inputs\4748.png,VD_dataset2/targets\4748.png
1772.png,VD_dataset2/inputs\1772.png,VD_dataset2/targets\1772.png
1716.png,VD_dataset2/inputs\1716.png,VD_dataset2/targets\1716.png
1608.png,VD_dataset2/inputs\1608.png,VD_dataset2/targets\1608.png
2768.png,VD_dataset2/inputs\2768.png,VD_dataset2/targets\2768.png
4364.png,VD_dataset2/inputs\4364.png,VD_dataset2/targets\4364.png
1212.png,VD_dataset2/inputs\1212.png,VD_dataset2/targets\1212.png
3092.png,VD_dataset2/inputs\3092.png,VD_dataset2/targets\3092.png
2300.png,VD_dataset2/inputs\2300.png,VD_dataset2/targets\2300.png
3156.png,VD_dataset2/inputs\3156.png,VD_dataset2/targets\3156.png
1400.png,VD_dataset2/inputs\1400.png,VD_dataset2/targets\1400.png
4204.png,VD_dataset2/inputs\4204.png,VD_dataset2/targets\4204.png
0892.png,VD_dataset2/inputs\0892.png,VD_dataset2/targets\0892.png
1252.png,VD_dataset2/inputs\1252.png,VD_dataset2/targets\1252.png
0852.png,VD_dataset2/inputs\0852.png,VD_dataset2/targets\0852.png
2232.png,VD_dataset2/inputs\2232.png,VD_dataset2/targets\2232.png
3328.png,VD_dataset2/inputs\3328.png,VD_dataset2/targets\3328.png
2264.png,VD_dataset2/inputs\2264.png,VD_dataset2/targets\2264.png
2552.png,VD_dataset2/inputs\2552.png,VD_dataset2/targets\2552.png
4284.png,VD_dataset2/inputs\4284.png,VD_dataset2/targets\4284.png
1528.png,VD_dataset2/inputs\1528.png,VD_dataset2/targets\1528.png
1572.png,VD_dataset2/inputs\1572.png,VD_dataset2/targets\1572.png
2860.png,VD_dataset2/inputs\2860.png,VD_dataset2/targets\2860.png
3608.png,VD_dataset2/inputs\3608.png,VD_dataset2/targets\3608.png
2828.png,VD_dataset2/inputs\2828.png,VD_dataset2/targets\2828.png
4020.png,VD_dataset2/inputs\4020.png,VD_dataset2/targets\4020.png
4292.png,VD_dataset2/inputs\4292.png,VD_dataset2/targets\4292.png
4480.png,VD_dataset2/inputs\4480.png,VD_dataset2/targets\4480.png
1192.png,VD_dataset2/inputs\1192.png,VD_dataset2/targets\1192.png
4556.png,VD_dataset2/inputs\4556.png,VD_dataset2/targets\4556.png
2784.png,VD_dataset2/inputs\2784.png,VD_dataset2/targets\2784.png
3984.png,VD_dataset2/inputs\3984.png,VD_dataset2/targets\3984.png
4552.png,VD_dataset2/inputs\4552.png,VD_dataset2/targets\4552.png
3804.png,VD_dataset2/inputs\3804.png,VD_dataset2/targets\3804.png
1184.png,VD_dataset2/inputs\1184.png,VD_dataset2/targets\1184.png
2260.png,VD_dataset2/inputs\2260.png,VD_dataset2/targets\2260.png
2984.png,VD_dataset2/inputs\2984.png,VD_dataset2/targets\2984.png
3352.png,VD_dataset2/inputs\3352.png,VD_dataset2/targets\3352.png
3792.png,VD_dataset2/inputs\3792.png,VD_dataset2/targets\3792.png
0228.png,VD_dataset2/inputs\0228.png,VD_dataset2/targets\0228.png
4536.png,VD_dataset2/inputs\4536.png,VD_dataset2/targets\4536.png
0196.png,VD_dataset2/inputs\0196.png,VD_dataset2/targets\0196.png
0912.png,VD_dataset2/inputs\0912.png,VD_dataset2/targets\0912.png
4592.png,VD_dataset2/inputs\4592.png,VD_dataset2/targets\4592.png
4692.png,VD_dataset2/inputs\4692.png,VD_dataset2/targets\4692.png
1312.png,VD_dataset2/inputs\1312.png,VD_dataset2/targets\1312.png
4052.png,VD_dataset2/inputs\4052.png,VD_dataset2/targets\4052.png
1012.png,VD_dataset2/inputs\1012.png,VD_dataset2/targets\1012.png
1612.png,VD_dataset2/inputs\1612.png,VD_dataset2/targets\1612.png
1228.png,VD_dataset2/inputs\1228.png,VD_dataset2/targets\1228.png
0512.png,VD_dataset2/inputs\0512.png,VD_dataset2/targets\0512.png
4168.png,VD_dataset2/inputs\4168.png,VD_dataset2/targets\4168.png
1648.png,VD_dataset2/inputs\1648.png,VD_dataset2/targets\1648.png
2600.png,VD_dataset2/inputs\2600.png,VD_dataset2/targets\2600.png
1880.png,VD_dataset2/inputs\1880.png,VD_dataset2/targets\1880.png
1164.png,VD_dataset2/inputs\1164.png,VD_dataset2/targets\1164.png
4348.png,VD_dataset2/inputs\4348.png,VD_dataset2/targets\4348.png
1108.png,VD_dataset2/inputs\1108.png,VD_dataset2/targets\1108.png
1900.png,VD_dataset2/inputs\1900.png,VD_dataset2/targets\1900.png
3796.png,VD_dataset2/inputs\3796.png,VD_dataset2/targets\3796.png
2580.png,VD_dataset2/inputs\2580.png,VD_dataset2/targets\2580.png
0708.png,VD_dataset2/inputs\0708.png,VD_dataset2/targets\0708.png
2636.png,VD_dataset2/inputs\2636.png,VD_dataset2/targets\2636.png
4776.png,VD_dataset2/inputs\4776.png,VD_dataset2/targets\4776.png
1992.png,VD_dataset2/inputs\1992.png,VD_dataset2/targets\1992.png
2176.png,VD_dataset2/inputs\2176.png,VD_dataset2/targets\2176.png
0552.png,VD_dataset2/inputs\0552.png,VD_dataset2/targets\0552.png
0592.png,VD_dataset2/inputs\0592.png,VD_dataset2/targets\0592.png
1296.png,VD_dataset2/inputs\1296.png,VD_dataset2/targets\1296.png
1384.png,VD_dataset2/inputs\1384.png,VD_dataset2/targets\1384.png
1912.png,VD_dataset2/inputs\1912.png,VD_dataset2/targets\1912.png
0332.png,VD_dataset2/inputs\0332.png,VD_dataset2/targets\0332.png
1200.png,VD_dataset2/inputs\1200.png,VD_dataset2/targets\1200.png
3980.png,VD_dataset2/inputs\3980.png,VD_dataset2/targets\3980.png
3076.png,VD_dataset2/inputs\3076.png,VD_dataset2/targets\3076.png
3372.png,VD_dataset2/inputs\3372.png,VD_dataset2/targets\3372.png
3952.png,VD_dataset2/inputs\3952.png,VD_dataset2/targets\3952.png
1656.png,VD_dataset2/inputs\1656.png,VD_dataset2/targets\1656.png
0452.png,VD_dataset2/inputs\0452.png,VD_dataset2/targets\0452.png
1340.png,VD_dataset2/inputs\1340.png,VD_dataset2/targets\1340.png
4124.png,VD_dataset2/inputs\4124.png,VD_dataset2/targets\4124.png
1216.png,VD_dataset2/inputs\1216.png,VD_dataset2/targets\1216.png
1516.png,VD_dataset2/inputs\1516.png,VD_dataset2/targets\1516.png
1416.png,VD_dataset2/inputs\1416.png,VD_dataset2/targets\1416.png
2376.png,VD_dataset2/inputs\2376.png,VD_dataset2/targets\2376.png
2360.png,VD_dataset2/inputs\2360.png,VD_dataset2/targets\2360.png
3492.png,VD_dataset2/inputs\3492.png,VD_dataset2/targets\3492.png
3672.png,VD_dataset2/inputs\3672.png,VD_dataset2/targets\3672.png
2572.png,VD_dataset2/inputs\2572.png,VD_dataset2/targets\2572.png
1812.png,VD_dataset2/inputs\1812.png,VD_dataset2/targets\1812.png
3840.png,VD_dataset2/inputs\3840.png,VD_dataset2/targets\3840.png
1104.png,VD_dataset2/inputs\1104.png,VD_dataset2/targets\1104.png
3332.png,VD_dataset2/inputs\3332.png,VD_dataset2/targets\3332.png
4332.png,VD_dataset2/inputs\4332.png,VD_dataset2/targets\4332.png
0720.png,VD_dataset2/inputs\0720.png,VD_dataset2/targets\0720.png
3624.png,VD_dataset2/inputs\3624.png,VD_dataset2/targets\3624.png
4580.png,VD_dataset2/inputs\4580.png,VD_dataset2/targets\4580.png
1596.png,VD_dataset2/inputs\1596.png,VD_dataset2/targets\1596.png
4544.png,VD_dataset2/inputs\4544.png,VD_dataset2/targets\4544.png
3296.png,VD_dataset2/inputs\3296.png,VD_dataset2/targets\3296.png
4600.png,VD_dataset2/inputs\4600.png,VD_dataset2/targets\4600.png
3552.png,VD_dataset2/inputs\3552.png,VD_dataset2/targets\3552.png
0028.png,VD_dataset2/inputs\0028.png,VD_dataset2/targets\0028.png
2032.png,VD_dataset2/inputs\2032.png,VD_dataset2/targets\2032.png
3852.png,VD_dataset2/inputs\3852.png,VD_dataset2/targets\3852.png
0052.png,VD_dataset2/inputs\0052.png,VD_dataset2/targets\0052.png
3656.png,VD_dataset2/inputs\3656.png,VD_dataset2/targets\3656.png
2516.png,VD_dataset2/inputs\2516.png,VD_dataset2/targets\2516.png
0176.png,VD_dataset2/inputs\0176.png,VD_dataset2/targets\0176.png
3376.png,VD_dataset2/inputs\3376.png,VD_dataset2/targets\3376.png
3688.png,VD_dataset2/inputs\3688.png,VD_dataset2/targets\3688.png
4476.png,VD_dataset2/inputs\4476.png,VD_dataset2/targets\4476.png
4296.png,VD_dataset2/inputs\4296.png,VD_dataset2/targets\4296.png
4236.png,VD_dataset2/inputs\4236.png,VD_dataset2/targets\4236.png
0616.png,VD_dataset2/inputs\0616.png,VD_dataset2/targets\0616.png
0568.png,VD_dataset2/inputs\0568.png,VD_dataset2/targets\0568.png
1060.png,VD_dataset2/inputs\1060.png,VD_dataset2/targets\1060.png
4128.png,VD_dataset2/inputs\4128.png,VD_dataset2/targets\4128.png
3300.png,VD_dataset2/inputs\3300.png,VD_dataset2/targets\3300.png
4568.png,VD_dataset2/inputs\4568.png,VD_dataset2/targets\4568.png
0416.png,VD_dataset2/inputs\0416.png,VD_dataset2/targets\0416.png
0700.png,VD_dataset2/inputs\0700.png,VD_dataset2/targets\0700.png
1376.png,VD_dataset2/inputs\1376.png,VD_dataset2/targets\1376.png
1676.png,VD_dataset2/inputs\1676.png,VD_dataset2/targets\1676.png
3932.png,VD_dataset2/inputs\3932.png,VD_dataset2/targets\3932.png
3196.png,VD_dataset2/inputs\3196.png,VD_dataset2/targets\3196.png
0664.png,VD_dataset2/inputs\0664.png,VD_dataset2/targets\0664.png
1084.png,VD_dataset2/inputs\1084.png,VD_dataset2/targets\1084.png
2336.png,VD_dataset2/inputs\2336.png,VD_dataset2/targets\2336.png
4316.png,VD_dataset2/inputs\4316.png,VD_dataset2/targets\4316.png
2596.png,VD_dataset2/inputs\2596.png,VD_dataset2/targets\2596.png
0348.png,VD_dataset2/inputs\0348.png,VD_dataset2/targets\0348.png
3072.png,VD_dataset2/inputs\3072.png,VD_dataset2/targets\3072.png
3888.png,VD_dataset2/inputs\3888.png,VD_dataset2/targets\3888.png
3884.png,VD_dataset2/inputs\3884.png,VD_dataset2/targets\3884.png
2460.png,VD_dataset2/inputs\2460.png,VD_dataset2/targets\2460.png
2228.png,VD_dataset2/inputs\2228.png,VD_dataset2/targets\2228.png
0876.png,VD_dataset2/inputs\0876.png,VD_dataset2/targets\0876.png
0752.png,VD_dataset2/inputs\0752.png,VD_dataset2/targets\0752.png
2948.png,VD_dataset2/inputs\2948.png,VD_dataset2/targets\2948.png
4448.png,VD_dataset2/inputs\4448.png,VD_dataset2/targets\4448.png
2912.png,VD_dataset2/inputs\2912.png,VD_dataset2/targets\2912.png
4112.png,VD_dataset2/inputs\4112.png,VD_dataset2/targets\4112.png
4516.png,VD_dataset2/inputs\4516.png,VD_dataset2/targets\4516.png
0016.png,VD_dataset2/inputs\0016.png,VD_dataset2/targets\0016.png
1848.png,VD_dataset2/inputs\1848.png,VD_dataset2/targets\1848.png
1916.png,VD_dataset2/inputs\1916.png,VD_dataset2/targets\1916.png
2668.png,VD_dataset2/inputs\2668.png,VD_dataset2/targets\2668.png
3812.png,VD_dataset2/inputs\3812.png,VD_dataset2/targets\3812.png
3904.png,VD_dataset2/inputs\3904.png,VD_dataset2/targets\3904.png
4108.png,VD_dataset2/inputs\4108.png,VD_dataset2/targets\4108.png
1688.png,VD_dataset2/inputs\1688.png,VD_dataset2/targets\1688.png
1892.png,VD_dataset2/inputs\1892.png,VD_dataset2/targets\1892.png
2672.png,VD_dataset2/inputs\2672.png,VD_dataset2/targets\2672.png
2904.png,VD_dataset2/inputs\2904.png,VD_dataset2/targets\2904.png
3048.png,VD_dataset2/inputs\3048.png,VD_dataset2/targets\3048.png
3780.png,VD_dataset2/inputs\3780.png,VD_dataset2/targets\3780.png
0344.png,VD_dataset2/inputs\0344.png,VD_dataset2/targets\0344.png
0844.png,VD_dataset2/inputs\0844.png,VD_dataset2/targets\0844.png
2720.png,VD_dataset2/inputs\2720.png,VD_dataset2/targets\2720.png
0376.png,VD_dataset2/inputs\0376.png,VD_dataset2/targets\0376.png
1868.png,VD_dataset2/inputs\1868.png,VD_dataset2/targets\1868.png
0276.png,VD_dataset2/inputs\0276.png,VD_dataset2/targets\0276.png
0396.png,VD_dataset2/inputs\0396.png,VD_dataset2/targets\0396.png
3740.png,VD_dataset2/inputs\3740.png,VD_dataset2/targets\3740.png
4004.png,VD_dataset2/inputs\4004.png,VD_dataset2/targets\4004.png
4820.png,VD_dataset2/inputs\4820.png,VD_dataset2/targets\4820.png
1584.png,VD_dataset2/inputs\1584.png,VD_dataset2/targets\1584.png
2724.png,VD_dataset2/inputs\2724.png,VD_dataset2/targets\2724.png
2524.png,VD_dataset2/inputs\2524.png,VD_dataset2/targets\2524.png
2808.png,VD_dataset2/inputs\2808.png,VD_dataset2/targets\2808.png
2816.png,VD_dataset2/inputs\2816.png,VD_dataset2/targets\2816.png
1604.png,VD_dataset2/inputs\1604.png,VD_dataset2/targets\1604.png
2540.png,VD_dataset2/inputs\2540.png,VD_dataset2/targets\2540.png
1752.png,VD_dataset2/inputs\1752.png,VD_dataset2/targets\1752.png
3480.png,VD_dataset2/inputs\3480.png,VD_dataset2/targets\3480.png
0536.png,VD_dataset2/inputs\0536.png,VD_dataset2/targets\0536.png
0120.png,VD_dataset2/inputs\0120.png,VD_dataset2/targets\0120.png
2420.png,VD_dataset2/inputs\2420.png,VD_dataset2/targets\2420.png
4588.png,VD_dataset2/inputs\4588.png,VD_dataset2/targets\4588.png
1644.png,VD_dataset2/inputs\1644.png,VD_dataset2/targets\1644.png
0748.png,VD_dataset2/inputs\0748.png,VD_dataset2/targets\0748.png
0432.png,VD_dataset2/inputs\0432.png,VD_dataset2/targets\0432.png
1640.png,VD_dataset2/inputs\1640.png,VD_dataset2/targets\1640.png
4760.png,VD_dataset2/inputs\4760.png,VD_dataset2/targets\4760.png
1728.png,VD_dataset2/inputs\1728.png,VD_dataset2/targets\1728.png
4156.png,VD_dataset2/inputs\4156.png,VD_dataset2/targets\4156.png
2560.png,VD_dataset2/inputs\2560.png,VD_dataset2/targets\2560.png
1448.png,VD_dataset2/inputs\1448.png,VD_dataset2/targets\1448.png
3348.png,VD_dataset2/inputs\3348.png,VD_dataset2/targets\3348.png
2072.png,VD_dataset2/inputs\2072.png,VD_dataset2/targets\2072.png
2356.png,VD_dataset2/inputs\2356.png,VD_dataset2/targets\2356.png
2640.png,VD_dataset2/inputs\2640.png,VD_dataset2/targets\2640.png
4444.png,VD_dataset2/inputs\4444.png,VD_dataset2/targets\4444.png
2040.png,VD_dataset2/inputs\2040.png,VD_dataset2/targets\2040.png
2920.png,VD_dataset2/inputs\2920.png,VD_dataset2/targets\2920.png
3264.png,VD_dataset2/inputs\3264.png,VD_dataset2/targets\3264.png
3380.png,VD_dataset2/inputs\3380.png,VD_dataset2/targets\3380.png
3384.png,VD_dataset2/inputs\3384.png,VD_dataset2/targets\3384.png
0768.png,VD_dataset2/inputs\0768.png,VD_dataset2/targets\0768.png
4356.png,VD_dataset2/inputs\4356.png,VD_dataset2/targets\4356.png
0092.png,VD_dataset2/inputs\0092.png,VD_dataset2/targets\0092.png
1520.png,VD_dataset2/inputs\1520.png,VD_dataset2/targets\1520.png
3204.png,VD_dataset2/inputs\3204.png,VD_dataset2/targets\3204.png
0944.png,VD_dataset2/inputs\0944.png,VD_dataset2/targets\0944.png
2100.png,VD_dataset2/inputs\2100.png,VD_dataset2/targets\2100.png
3752.png,VD_dataset2/inputs\3752.png,VD_dataset2/targets\3752.png
0184.png,VD_dataset2/inputs\0184.png,VD_dataset2/targets\0184.png
2444.png,VD_dataset2/inputs\2444.png,VD_dataset2/targets\2444.png
0836.png,VD_dataset2/inputs\0836.png,VD_dataset2/targets\0836.png
3392.png,VD_dataset2/inputs\3392.png,VD_dataset2/targets\3392.png
4152.png,VD_dataset2/inputs\4152.png,VD_dataset2/targets\4152.png
1320.png,VD_dataset2/inputs\1320.png,VD_dataset2/targets\1320.png
3524.png,VD_dataset2/inputs\3524.png,VD_dataset2/targets\3524.png
1996.png,VD_dataset2/inputs\1996.png,VD_dataset2/targets\1996.png
4812.png,VD_dataset2/inputs\4812.png,VD_dataset2/targets\4812.png
0244.png,VD_dataset2/inputs\0244.png,VD_dataset2/targets\0244.png
0668.png,VD_dataset2/inputs\0668.png,VD_dataset2/targets\0668.png
2348.png,VD_dataset2/inputs\2348.png,VD_dataset2/targets\2348.png
0816.png,VD_dataset2/inputs\0816.png,VD_dataset2/targets\0816.png
0704.png,VD_dataset2/inputs\0704.png,VD_dataset2/targets\0704.png
0540.png,VD_dataset2/inputs\0540.png,VD_dataset2/targets\0540.png
0760.png,VD_dataset2/inputs\0760.png,VD_dataset2/targets\0760.png
1968.png,VD_dataset2/inputs\1968.png,VD_dataset2/targets\1968.png
0712.png,VD_dataset2/inputs\0712.png,VD_dataset2/targets\0712.png
3644.png,VD_dataset2/inputs\3644.png,VD_dataset2/targets\3644.png
2952.png,VD_dataset2/inputs\2952.png,VD_dataset2/targets\2952.png
1744.png,VD_dataset2/inputs\1744.png,VD_dataset2/targets\1744.png
2216.png,VD_dataset2/inputs\2216.png,VD_dataset2/targets\2216.png
1456.png,VD_dataset2/inputs\1456.png,VD_dataset2/targets\1456.png
1796.png,VD_dataset2/inputs\1796.png,VD_dataset2/targets\1796.png
4644.png,VD_dataset2/inputs\4644.png,VD_dataset2/targets\4644.png
4244.png,VD_dataset2/inputs\4244.png,VD_dataset2/targets\4244.png
4464.png,VD_dataset2/inputs\4464.png,VD_dataset2/targets\4464.png
0680.png,VD_dataset2/inputs\0680.png,VD_dataset2/targets\0680.png
0784.png,VD_dataset2/inputs\0784.png,VD_dataset2/targets\0784.png
1460.png,VD_dataset2/inputs\1460.png,VD_dataset2/targets\1460.png
0868.png,VD_dataset2/inputs\0868.png,VD_dataset2/targets\0868.png
1904.png,VD_dataset2/inputs\1904.png,VD_dataset2/targets\1904.png
0208.png,VD_dataset2/inputs\0208.png,VD_dataset2/targets\0208.png
1764.png,VD_dataset2/inputs\1764.png,VD_dataset2/targets\1764.png
1964.png,VD_dataset2/inputs\1964.png,VD_dataset2/targets\1964.png
2780.png,VD_dataset2/inputs\2780.png,VD_dataset2/targets\2780.png
4272.png,VD_dataset2/inputs\4272.png,VD_dataset2/targets\4272.png
2108.png,VD_dataset2/inputs\2108.png,VD_dataset2/targets\2108.png
4288.png,VD_dataset2/inputs\4288.png,VD_dataset2/targets\4288.png
3896.png,VD_dataset2/inputs\3896.png,VD_dataset2/targets\3896.png
2820.png,VD_dataset2/inputs\2820.png,VD_dataset2/targets\2820.png
1672.png,VD_dataset2/inputs\1672.png,VD_dataset2/targets\1672.png
2832.png,VD_dataset2/inputs\2832.png,VD_dataset2/targets\2832.png
4208.png,VD_dataset2/inputs\4208.png,VD_dataset2/targets\4208.png
0200.png,VD_dataset2/inputs\0200.png,VD_dataset2/targets\0200.png
3684.png,VD_dataset2/inputs\3684.png,VD_dataset2/targets\3684.png
0100.png,VD_dataset2/inputs\0100.png,VD_dataset2/targets\0100.png
0860.png,VD_dataset2/inputs\0860.png,VD_dataset2/targets\0860.png
3488.png,VD_dataset2/inputs\3488.png,VD_dataset2/targets\3488.png
4528.png,VD_dataset2/inputs\4528.png,VD_dataset2/targets\4528.png
0400.png,VD_dataset2/inputs\0400.png,VD_dataset2/targets\0400.png
0080.png,VD_dataset2/inputs\0080.png,VD_dataset2/targets\0080.png
4656.png,VD_dataset2/inputs\4656.png,VD_dataset2/targets\4656.png
2088.png,VD_dataset2/inputs\2088.png,VD_dataset2/targets\2088.png
3448.png,VD_dataset2/inputs\3448.png,VD_dataset2/targets\3448.png
4036.png,VD_dataset2/inputs\4036.png,VD_dataset2/targets\4036.png
2556.png,VD_dataset2/inputs\2556.png,VD_dataset2/targets\2556.png
4636.png,VD_dataset2/inputs\4636.png,VD_dataset2/targets\4636.png
3292.png,VD_dataset2/inputs\3292.png,VD_dataset2/targets\3292.png
1232.png,VD_dataset2/inputs\1232.png,VD_dataset2/targets\1232.png
0420.png,VD_dataset2/inputs\0420.png,VD_dataset2/targets\0420.png
1132.png,VD_dataset2/inputs\1132.png,VD_dataset2/targets\1132.png
2440.png,VD_dataset2/inputs\2440.png,VD_dataset2/targets\2440.png
0248.png,VD_dataset2/inputs\0248.png,VD_dataset2/targets\0248.png
2692.png,VD_dataset2/inputs\2692.png,VD_dataset2/targets\2692.png
3544.png,VD_dataset2/inputs\3544.png,VD_dataset2/targets\3544.png
2776.png,VD_dataset2/inputs\2776.png,VD_dataset2/targets\2776.png
2488.png,VD_dataset2/inputs\2488.png,VD_dataset2/targets\2488.png
2964.png,VD_dataset2/inputs\2964.png,VD_dataset2/targets\2964.png
3052.png,VD_dataset2/inputs\3052.png,VD_dataset2/targets\3052.png
4744.png,VD_dataset2/inputs\4744.png,VD_dataset2/targets\4744.png
2992.png,VD_dataset2/inputs\2992.png,VD_dataset2/targets\2992.png
2472.png,VD_dataset2/inputs\2472.png,VD_dataset2/targets\2472.png
2384.png,VD_dataset2/inputs\2384.png,VD_dataset2/targets\2384.png
0148.png,VD_dataset2/inputs\0148.png,VD_dataset2/targets\0148.png
3652.png,VD_dataset2/inputs\3652.png,VD_dataset2/targets\3652.png
2452.png,VD_dataset2/inputs\2452.png,VD_dataset2/targets\2452.png
1548.png,VD_dataset2/inputs\1548.png,VD_dataset2/targets\1548.png
4400.png,VD_dataset2/inputs\4400.png,VD_dataset2/targets\4400.png
0924.png,VD_dataset2/inputs\0924.png,VD_dataset2/targets\0924.png
0240.png,VD_dataset2/inputs\0240.png,VD_dataset2/targets\0240.png
3236.png,VD_dataset2/inputs\3236.png,VD_dataset2/targets\3236.png
1080.png,VD_dataset2/inputs\1080.png,VD_dataset2/targets\1080.png
2316.png,VD_dataset2/inputs\2316.png,VD_dataset2/targets\2316.png
0596.png,VD_dataset2/inputs\0596.png,VD_dataset2/targets\0596.png
4148.png,VD_dataset2/inputs\4148.png,VD_dataset2/targets\4148.png
0644.png,VD_dataset2/inputs\0644.png,VD_dataset2/targets\0644.png
4548.png,VD_dataset2/inputs\4548.png,VD_dataset2/targets\4548.png
2924.png,VD_dataset2/inputs\2924.png,VD_dataset2/targets\2924.png
0656.png,VD_dataset2/inputs\0656.png,VD_dataset2/targets\0656.png
1564.png,VD_dataset2/inputs\1564.png,VD_dataset2/targets\1564.png
3712.png,VD_dataset2/inputs\3712.png,VD_dataset2/targets\3712.png
2204.png,VD_dataset2/inputs\2204.png,VD_dataset2/targets\2204.png
3744.png,VD_dataset2/inputs\3744.png,VD_dataset2/targets\3744.png
2332.png,VD_dataset2/inputs\2332.png,VD_dataset2/targets\2332.png
2372.png,VD_dataset2/inputs\2372.png,VD_dataset2/targets\2372.png
3772.png,VD_dataset2/inputs\3772.png,VD_dataset2/targets\3772.png
1732.png,VD_dataset2/inputs\1732.png,VD_dataset2/targets\1732.png
3520.png,VD_dataset2/inputs\3520.png,VD_dataset2/targets\3520.png
3600.png,VD_dataset2/inputs\3600.png,VD_dataset2/targets\3600.png
4764.png,VD_dataset2/inputs\4764.png,VD_dataset2/targets\4764.png
